Rank,Club,Country,Level,Elo,From,To
None,Brentford,ENG,1,1551.14025879,1946-07-07,1946-08-31
None,Brentford,ENG,1,1565.58996582,1946-09-01,1946-09-02
None,Brentford,ENG,1,1558.2364502,1946-09-03,1946-09-07
None,Brentford,ENG,1,1564.82629395,1946-09-08,1946-09-14
None,Brentford,ENG,1,1574.73156738,1946-09-15,1946-09-18
None,Brentford,ENG,1,1580.23718262,1946-09-19,1946-09-21
None,Brentford,ENG,1,1561.84399414,1946-09-22,1946-09-28
None,Brentford,ENG,1,1551.56079102,1946-09-29,1946-09-29
None,Brentford,ENG,1,1568.56079102,1946-09-30,1946-10-03
None,Brentford,ENG,1,1574.56079102,1946-10-04,1946-10-05
None,Brentford,ENG,1,1556.01147461,1946-10-06,1946-10-12
None,Brentford,ENG,1,1558.41381836,1946-10-13,1946-10-19
None,Brentford,ENG,1,1548.57568359,1946-10-20,1946-10-26
None,Brentford,ENG,1,1544.79980469,1946-10-27,1946-11-02
None,Brentford,ENG,1,1550.33813477,1946-11-03,1946-11-09
None,Brentford,ENG,1,1545.30358887,1946-11-10,1946-11-16
None,Brentford,ENG,1,1544.51013184,1946-11-17,1946-11-23
None,Brentford,ENG,1,1548.19763184,1946-11-24,1946-11-30
None,Brentford,ENG,1,1549.8092041,1946-12-01,1946-12-07
None,Brentford,ENG,1,1543.38427734,1946-12-08,1946-12-14
None,Brentford,ENG,1,1529.98608398,1946-12-15,1946-12-21
None,Brentford,ENG,1,1525.61425781,1946-12-22,1946-12-25
None,Brentford,ENG,1,1518.10754395,1946-12-26,1946-12-26
None,Brentford,ENG,1,1526.63525391,1946-12-27,1946-12-28
None,Brentford,ENG,1,1524.76293945,1946-12-29,1947-01-01
None,Brentford,ENG,1,1545.01062012,1947-01-02,1947-01-04
None,Brentford,ENG,1,1535.46142578,1947-01-05,1947-01-18
None,Brentford,ENG,1,1552.75537109,1947-01-19,1947-02-01
None,Brentford,ENG,1,1540.85559082,1947-02-02,1947-02-22
None,Brentford,ENG,1,1534.69726562,1947-02-23,1947-03-01
None,Brentford,ENG,1,1530.87109375,1947-03-02,1947-03-15
None,Brentford,ENG,1,1518.13916016,1947-03-16,1947-03-22
None,Brentford,ENG,1,1509.24780273,1947-03-23,1947-03-29
None,Brentford,ENG,1,1499.75512695,1947-03-30,1947-04-04
None,Brentford,ENG,1,1488.99890137,1947-04-05,1947-04-05
None,Brentford,ENG,1,1499.19848633,1947-04-06,1947-04-07
None,Brentford,ENG,1,1494.08898926,1947-04-08,1947-04-12
None,Brentford,ENG,1,1496.23742676,1947-04-13,1947-04-13
None,Brentford,ENG,1,1486.23742676,1947-04-14,1947-04-19
None,Brentford,ENG,1,1483.41320801,1947-04-20,1947-04-26
None,Brentford,ENG,1,1483.26733398,1947-04-27,1947-05-03
None,Brentford,ENG,1,1467.23388672,1947-05-04,1947-05-04
None,Brentford,ENG,1,1471.23388672,1947-05-05,1947-05-10
None,Brentford,ENG,1,1467.35827637,1947-05-11,1947-05-17
None,Brentford,ENG,1,1470.2767334,1947-05-18,1947-05-20
None,Brentford,ENG,1,1457.2767334,1947-05-21,1947-05-24
None,Brentford,ENG,1,1454.5222168,1947-05-25,1947-05-26
None,Brentford,ENG,1,1464.71728516,1947-05-27,1947-07-02
None,Brentford,ENG,2,1464.71728516,1947-07-03,1947-08-23
None,Brentford,ENG,2,1447.31872559,1947-08-24,1947-08-27
None,Brentford,ENG,2,1426.73474121,1947-08-28,1947-08-30
None,Brentford,ENG,2,1409.10778809,1947-08-31,1947-09-03
None,Brentford,ENG,2,1400.20874023,1947-09-04,1947-09-06
None,Brentford,ENG,2,1395.76184082,1947-09-07,1947-09-10
None,Brentford,ENG,2,1402.22717285,1947-09-11,1947-09-13
None,Brentford,ENG,2,1394.50427246,1947-09-14,1947-09-17
None,Brentford,ENG,2,1385.66381836,1947-09-18,1947-09-20
None,Brentford,ENG,2,1382.07226562,1947-09-21,1947-09-27
None,Brentford,ENG,2,1383.66467285,1947-09-28,1947-10-04
None,Brentford,ENG,2,1385.01721191,1947-10-05,1947-10-11
None,Brentford,ENG,2,1390.7857666,1947-10-12,1947-10-18
None,Brentford,ENG,2,1387.58203125,1947-10-19,1947-10-19
None,Brentford,ENG,2,1415.58203125,1947-10-20,1947-10-25
None,Brentford,ENG,2,1420.90722656,1947-10-26,1947-11-01
None,Brentford,ENG,2,1412.85070801,1947-11-02,1947-11-08
None,Brentford,ENG,2,1400.78942871,1947-11-09,1947-11-15
None,Brentford,ENG,2,1391.05859375,1947-11-16,1947-11-22
None,Brentford,ENG,2,1395.5402832,1947-11-23,1947-11-29
None,Brentford,ENG,2,1398.14428711,1947-11-30,1947-12-06
None,Brentford,ENG,2,1395.90258789,1947-12-07,1947-12-13
None,Brentford,ENG,2,1397.1036377,1947-12-14,1947-12-20
None,Brentford,ENG,2,1381.9942627,1947-12-21,1947-12-25
None,Brentford,ENG,2,1380.62268066,1947-12-26,1947-12-27
None,Brentford,ENG,2,1392.38891602,1947-12-28,1948-01-03
None,Brentford,ENG,2,1385.49291992,1948-01-04,1948-01-17
None,Brentford,ENG,2,1393.87255859,1948-01-18,1948-01-31
None,Brentford,ENG,2,1400.08581543,1948-02-01,1948-02-07
None,Brentford,ENG,2,1406.74035645,1948-02-08,1948-02-14
None,Brentford,ENG,2,1409.86645508,1948-02-15,1948-02-21
None,Brentford,ENG,2,1406.06115723,1948-02-22,1948-02-28
None,Brentford,ENG,2,1408.0847168,1948-02-29,1948-03-06
None,Brentford,ENG,2,1403.35876465,1948-03-07,1948-03-20
None,Brentford,ENG,2,1413.71081543,1948-03-21,1948-03-26
None,Brentford,ENG,2,1422.60266113,1948-03-27,1948-03-27
None,Brentford,ENG,2,1430.74890137,1948-03-28,1948-03-29
None,Brentford,ENG,2,1432.28540039,1948-03-30,1948-04-03
None,Brentford,ENG,2,1414.06213379,1948-04-04,1948-04-10
None,Brentford,ENG,2,1424.43713379,1948-04-11,1948-04-11
None,Brentford,ENG,2,1447.43713379,1948-04-12,1948-04-12
None,Brentford,ENG,2,1451.38842773,1948-04-13,1948-04-17
None,Brentford,ENG,2,1459.73291016,1948-04-18,1948-04-24
None,Brentford,ENG,2,1455.06079102,1948-04-25,1948-05-01
None,Brentford,ENG,2,1460.25341797,1948-05-02,1948-05-17
None,Brentford,ENG,2,1487.25341797,1948-05-18,1948-08-21
None,Brentford,ENG,2,1484.80737305,1948-08-22,1948-08-25
None,Brentford,ENG,2,1485.79272461,1948-08-26,1948-08-28
None,Brentford,ENG,2,1489.19519043,1948-08-29,1948-09-01
None,Brentford,ENG,2,1473.48400879,1948-09-02,1948-09-04
None,Brentford,ENG,2,1477.14428711,1948-09-05,1948-09-06
None,Brentford,ENG,2,1479.50341797,1948-09-07,1948-09-11
None,Brentford,ENG,2,1488.69604492,1948-09-12,1948-09-15
None,Brentford,ENG,2,1478.10070801,1948-09-16,1948-09-18
None,Brentford,ENG,2,1476.24755859,1948-09-19,1948-09-25
None,Brentford,ENG,2,1485.83227539,1948-09-26,1948-10-02
None,Brentford,ENG,2,1478.11218262,1948-10-03,1948-10-09
None,Brentford,ENG,2,1466.73376465,1948-10-10,1948-10-10
None,Brentford,ENG,2,1479.73376465,1948-10-11,1948-10-16
None,Brentford,ENG,2,1487.13208008,1948-10-17,1948-10-23
None,Brentford,ENG,2,1479.10131836,1948-10-24,1948-10-30
None,Brentford,ENG,2,1478.57641602,1948-10-31,1948-11-06
None,Brentford,ENG,2,1489.23303223,1948-11-07,1948-11-11
None,Brentford,ENG,2,1493.23303223,1948-11-12,1948-11-13
None,Brentford,ENG,2,1500.50744629,1948-11-14,1948-11-20
None,Brentford,ENG,2,1509.39904785,1948-11-21,1948-12-04
None,Brentford,ENG,2,1505.48144531,1948-12-05,1948-12-11
None,Brentford,ENG,2,1496.42602539,1948-12-12,1948-12-18
None,Brentford,ENG,2,1490.04528809,1948-12-19,1948-12-25
None,Brentford,ENG,2,1486.96533203,1948-12-26,1948-12-27
None,Brentford,ENG,2,1479.64123535,1948-12-28,1949-01-01
None,Brentford,ENG,2,1486.45617676,1949-01-02,1949-01-15
None,Brentford,ENG,2,1474.56396484,1949-01-16,1949-01-22
None,Brentford,ENG,2,1472.47998047,1949-01-23,1949-02-05
None,Brentford,ENG,2,1467.13342285,1949-02-06,1949-02-19
None,Brentford,ENG,2,1479.03833008,1949-02-20,1949-03-05
None,Brentford,ENG,2,1456.83618164,1949-03-06,1949-03-12
None,Brentford,ENG,2,1452.74157715,1949-03-13,1949-03-19
None,Brentford,ENG,2,1457.94775391,1949-03-20,1949-03-26
None,Brentford,ENG,2,1454.64978027,1949-03-27,1949-04-02
None,Brentford,ENG,2,1451.79492188,1949-04-03,1949-04-06
None,Brentford,ENG,2,1451.25891113,1949-04-07,1949-04-09
None,Brentford,ENG,2,1444.49133301,1949-04-10,1949-04-10
None,Brentford,ENG,2,1391.49133301,1949-04-11,1949-04-15
None,Brentford,ENG,2,1386.3215332,1949-04-16,1949-04-16
None,Brentford,ENG,2,1391.29943848,1949-04-17,1949-04-18
None,Brentford,ENG,2,1390.52075195,1949-04-19,1949-04-23
None,Brentford,ENG,2,1387.98046875,1949-04-24,1949-04-25
None,Brentford,ENG,2,1393.2286377,1949-04-26,1949-04-30
None,Brentford,ENG,2,1390.08081055,1949-05-01,1949-05-07
None,Brentford,ENG,2,1385.58007812,1949-05-08,1949-05-14
None,Brentford,ENG,2,1374.58007812,1949-05-15,1949-05-20
None,Brentford,ENG,2,1380.58007812,1949-05-21,1949-05-25
None,Brentford,ENG,2,1388.58007812,1949-05-26,1949-08-20
None,Brentford,ENG,2,1374.95544434,1949-08-21,1949-08-24
None,Brentford,ENG,2,1377.95727539,1949-08-25,1949-08-27
None,Brentford,ENG,2,1388.34082031,1949-08-28,1949-08-31
None,Brentford,ENG,2,1373.41088867,1949-09-01,1949-09-03
None,Brentford,ENG,2,1363.64245605,1949-09-04,1949-09-10
None,Brentford,ENG,2,1378.17626953,1949-09-11,1949-09-14
None,Brentford,ENG,2,1388.47546387,1949-09-15,1949-09-17
None,Brentford,ENG,2,1387.6451416,1949-09-18,1949-09-19
None,Brentford,ENG,2,1379.73669434,1949-09-20,1949-09-22
None,Brentford,ENG,2,1351.73669434,1949-09-23,1949-09-24
None,Brentford,ENG,2,1341.94702148,1949-09-25,1949-10-01
None,Brentford,ENG,2,1342.76879883,1949-10-02,1949-10-08
None,Brentford,ENG,2,1340.04260254,1949-10-09,1949-10-15
None,Brentford,ENG,2,1338.53662109,1949-10-16,1949-10-16
None,Brentford,ENG,2,1361.53662109,1949-10-17,1949-10-22
None,Brentford,ENG,2,1356.63269043,1949-10-23,1949-10-29
None,Brentford,ENG,2,1349.97167969,1949-10-30,1949-11-05
None,Brentford,ENG,2,1353.53918457,1949-11-06,1949-11-12
None,Brentford,ENG,2,1360.80407715,1949-11-13,1949-11-19
None,Brentford,ENG,2,1378.25378418,1949-11-20,1949-11-26
None,Brentford,ENG,2,1365.30517578,1949-11-27,1949-12-03
None,Brentford,ENG,2,1384.58996582,1949-12-04,1949-12-10
None,Brentford,ENG,2,1391.55786133,1949-12-11,1949-12-17
None,Brentford,ENG,2,1398.74902344,1949-12-18,1949-12-24
None,Brentford,ENG,2,1408.50280762,1949-12-25,1949-12-26
None,Brentford,ENG,2,1417.59448242,1949-12-27,1949-12-27
None,Brentford,ENG,2,1410.66381836,1949-12-28,1949-12-31
None,Brentford,ENG,2,1413.48669434,1950-01-01,1950-01-14
None,Brentford,ENG,2,1420.17224121,1950-01-15,1950-01-21
None,Brentford,ENG,2,1412.76782227,1950-01-22,1950-02-04
None,Brentford,ENG,2,1409.38232422,1950-02-05,1950-02-18
None,Brentford,ENG,2,1414.06164551,1950-02-19,1950-02-25
None,Brentford,ENG,2,1422.24023438,1950-02-26,1950-03-04
None,Brentford,ENG,2,1412.48840332,1950-03-05,1950-03-11
None,Brentford,ENG,2,1411.86950684,1950-03-12,1950-03-18
None,Brentford,ENG,2,1425.27209473,1950-03-19,1950-03-25
None,Brentford,ENG,2,1432.41308594,1950-03-26,1950-04-01
None,Brentford,ENG,2,1435.3840332,1950-04-02,1950-04-07
None,Brentford,ENG,2,1441.91101074,1950-04-08,1950-04-08
None,Brentford,ENG,2,1450.98583984,1950-04-09,1950-04-10
None,Brentford,ENG,2,1454.25817871,1950-04-11,1950-04-15
None,Brentford,ENG,2,1447.5793457,1950-04-16,1950-04-16
None,Brentford,ENG,2,1466.5793457,1950-04-17,1950-04-22
None,Brentford,ENG,2,1475.15185547,1950-04-23,1950-04-29
None,Brentford,ENG,2,1465.7401123,1950-04-30,1950-05-15
None,Brentford,ENG,2,1471.7401123,1950-05-16,1950-05-20
None,Brentford,ENG,2,1476.7401123,1950-05-21,1950-06-26
None,Brentford,ENG,2,1485.7401123,1950-06-27,1950-06-30
None,Brentford,ENG,2,1429.7401123,1950-07-01,1950-07-03
None,Brentford,ENG,2,1394.7401123,1950-07-04,1950-08-19
None,Brentford,ENG,2,1386.42602539,1950-08-20,1950-08-21
None,Brentford,ENG,2,1381.42346191,1950-08-22,1950-08-26
None,Brentford,ENG,2,1371.84057617,1950-08-27,1950-08-30
None,Brentford,ENG,2,1378.20825195,1950-08-31,1950-09-02
None,Brentford,ENG,2,1387.92468262,1950-09-03,1950-09-06
None,Brentford,ENG,2,1398.86560059,1950-09-07,1950-09-09
None,Brentford,ENG,2,1403.39306641,1950-09-10,1950-09-13
None,Brentford,ENG,2,1388.97302246,1950-09-14,1950-09-16
None,Brentford,ENG,2,1379.10620117,1950-09-17,1950-09-23
None,Brentford,ENG,2,1375.99169922,1950-09-24,1950-09-30
None,Brentford,ENG,2,1370.62060547,1950-10-01,1950-10-07
None,Brentford,ENG,2,1352.83288574,1950-10-08,1950-10-08
None,Brentford,ENG,2,1365.83288574,1950-10-09,1950-10-14
None,Brentford,ENG,2,1361.37023926,1950-10-15,1950-10-21
None,Brentford,ENG,2,1371.08374023,1950-10-22,1950-10-28
None,Brentford,ENG,2,1375.31286621,1950-10-29,1950-11-04
None,Brentford,ENG,2,1359.04711914,1950-11-05,1950-11-11
None,Brentford,ENG,2,1348.13952637,1950-11-12,1950-11-18
None,Brentford,ENG,2,1352.02307129,1950-11-19,1950-11-25
None,Brentford,ENG,2,1350.65429688,1950-11-26,1950-12-02
None,Brentford,ENG,2,1355.56787109,1950-12-03,1950-12-09
None,Brentford,ENG,2,1350.27075195,1950-12-10,1950-12-16
None,Brentford,ENG,2,1355.21691895,1950-12-17,1950-12-23
None,Brentford,ENG,2,1351.57373047,1950-12-24,1950-12-26
None,Brentford,ENG,2,1369.88684082,1950-12-27,1950-12-30
None,Brentford,ENG,2,1367.86950684,1950-12-31,1951-01-13
None,Brentford,ENG,2,1362.17797852,1951-01-14,1951-01-20
None,Brentford,ENG,2,1368.79663086,1951-01-21,1951-01-27
None,Brentford,ENG,2,1370.7154541,1951-01-28,1951-02-03
None,Brentford,ENG,2,1389.65698242,1951-02-04,1951-02-10
None,Brentford,ENG,2,1398.32666016,1951-02-11,1951-02-17
None,Brentford,ENG,2,1388.9440918,1951-02-18,1951-02-24
None,Brentford,ENG,2,1392.92773438,1951-02-25,1951-03-03
None,Brentford,ENG,2,1404.56738281,1951-03-04,1951-03-17
None,Brentford,ENG,2,1418.82104492,1951-03-18,1951-03-23
None,Brentford,ENG,2,1428.10510254,1951-03-24,1951-03-24
None,Brentford,ENG,2,1437.80627441,1951-03-25,1951-03-26
None,Brentford,ENG,2,1429.04992676,1951-03-27,1951-03-31
None,Brentford,ENG,2,1435.4375,1951-04-01,1951-04-07
None,Brentford,ENG,2,1445.11950684,1951-04-08,1951-04-14
None,Brentford,ENG,2,1451.21191406,1951-04-15,1951-04-15
None,Brentford,ENG,2,1422.21191406,1951-04-16,1951-04-25
None,Brentford,ENG,2,1425.48510742,1951-04-26,1951-05-05
None,Brentford,ENG,2,1419.24365234,1951-05-06,1951-05-10
None,Brentford,ENG,2,1430.24365234,1951-05-11,1951-05-20
None,Brentford,ENG,2,1433.24365234,1951-05-21,1951-08-18
None,Brentford,ENG,2,1436.38623047,1951-08-19,1951-08-22
None,Brentford,ENG,2,1432.17077637,1951-08-23,1951-08-25
None,Brentford,ENG,2,1436.83093262,1951-08-26,1951-08-27
None,Brentford,ENG,2,1443.59094238,1951-08-28,1951-09-01
None,Brentford,ENG,2,1435.60583496,1951-09-02,1951-09-05
None,Brentford,ENG,2,1444.28674316,1951-09-06,1951-09-08
None,Brentford,ENG,2,1449.44567871,1951-09-09,1951-09-15
None,Brentford,ENG,2,1451.74377441,1951-09-16,1951-09-22
None,Brentford,ENG,2,1446.62438965,1951-09-23,1951-09-29
None,Brentford,ENG,2,1436.59326172,1951-09-30,1951-10-06
None,Brentford,ENG,2,1432.63891602,1951-10-07,1951-10-13
None,Brentford,ENG,2,1445.65686035,1951-10-14,1951-10-20
None,Brentford,ENG,2,1452.27490234,1951-10-21,1951-10-21
None,Brentford,ENG,2,1444.27490234,1951-10-22,1951-10-27
None,Brentford,ENG,2,1445.15270996,1951-10-28,1951-11-03
None,Brentford,ENG,2,1448.26940918,1951-11-04,1951-11-10
None,Brentford,ENG,2,1440.35766602,1951-11-11,1951-11-17
None,Brentford,ENG,2,1453.47949219,1951-11-18,1951-11-24
None,Brentford,ENG,2,1453.51257324,1951-11-25,1951-12-01
None,Brentford,ENG,2,1451.36889648,1951-12-02,1951-12-08
None,Brentford,ENG,2,1436.00830078,1951-12-09,1951-12-15
None,Brentford,ENG,2,1441.0168457,1951-12-16,1951-12-22
None,Brentford,ENG,2,1442.19226074,1951-12-23,1951-12-25
None,Brentford,ENG,2,1429.5592041,1951-12-26,1951-12-26
None,Brentford,ENG,2,1422.3190918,1951-12-27,1951-12-29
None,Brentford,ENG,2,1420.2142334,1951-12-30,1952-01-05
None,Brentford,ENG,2,1431.68029785,1952-01-06,1952-01-19
None,Brentford,ENG,2,1416.67260742,1952-01-20,1952-01-26
None,Brentford,ENG,2,1408.10864258,1952-01-27,1952-02-09
None,Brentford,ENG,2,1402.8494873,1952-02-10,1952-02-16
None,Brentford,ENG,2,1392.07910156,1952-02-17,1952-03-01
None,Brentford,ENG,2,1388.30456543,1952-03-02,1952-03-08
None,Brentford,ENG,2,1380.99487305,1952-03-09,1952-03-15
None,Brentford,ENG,2,1387.67993164,1952-03-16,1952-03-22
None,Brentford,ENG,2,1380.98022461,1952-03-23,1952-04-05
None,Brentford,ENG,2,1400.47131348,1952-04-06,1952-04-06
None,Brentford,ENG,2,1424.47131348,1952-04-07,1952-04-11
None,Brentford,ENG,2,1416.89038086,1952-04-12,1952-04-12
None,Brentford,ENG,2,1412.94958496,1952-04-13,1952-04-14
None,Brentford,ENG,2,1408.47937012,1952-04-15,1952-04-19
None,Brentford,ENG,2,1398.30200195,1952-04-20,1952-04-21
None,Brentford,ENG,2,1395.3470459,1952-04-22,1952-04-26
None,Brentford,ENG,2,1392.67114258,1952-04-27,1952-04-30
None,Brentford,ENG,2,1397.31115723,1952-05-01,1952-05-21
None,Brentford,ENG,2,1400.31115723,1952-05-22,1952-05-31
None,Brentford,ENG,2,1421.31115723,1952-06-01,1952-08-23
None,Brentford,ENG,2,1424.93408203,1952-08-24,1952-08-27
None,Brentford,ENG,2,1430.60351562,1952-08-28,1952-08-30
None,Brentford,ENG,2,1433.81335449,1952-08-31,1952-09-03
None,Brentford,ENG,2,1423.22351074,1952-09-04,1952-09-06
None,Brentford,ENG,2,1428.35974121,1952-09-07,1952-09-08
None,Brentford,ENG,2,1423.22045898,1952-09-09,1952-09-13
None,Brentford,ENG,2,1415.50598145,1952-09-14,1952-09-17
None,Brentford,ENG,2,1413.14575195,1952-09-18,1952-09-20
None,Brentford,ENG,2,1399.86254883,1952-09-21,1952-09-27
None,Brentford,ENG,2,1390.17895508,1952-09-28,1952-10-04
None,Brentford,ENG,2,1404.1739502,1952-10-05,1952-10-05
None,Brentford,ENG,2,1389.1739502,1952-10-06,1952-10-11
None,Brentford,ENG,2,1397.15393066,1952-10-12,1952-10-18
None,Brentford,ENG,2,1387.79638672,1952-10-19,1952-10-25
None,Brentford,ENG,2,1398.40124512,1952-10-26,1952-11-01
None,Brentford,ENG,2,1390.98803711,1952-11-02,1952-11-08
None,Brentford,ENG,2,1391.76721191,1952-11-09,1952-11-15
None,Brentford,ENG,2,1393.08825684,1952-11-16,1952-11-22
None,Brentford,ENG,2,1383.33886719,1952-11-23,1952-11-27
None,Brentford,ENG,2,1387.33886719,1952-11-28,1952-11-29
None,Brentford,ENG,2,1383.07946777,1952-11-30,1952-12-13
None,Brentford,ENG,2,1377.92602539,1952-12-14,1952-12-20
None,Brentford,ENG,2,1380.02514648,1952-12-21,1952-12-25
None,Brentford,ENG,2,1388.85852051,1952-12-26,1952-12-26
None,Brentford,ENG,2,1401.28894043,1952-12-27,1953-01-03
None,Brentford,ENG,2,1406.18151855,1953-01-04,1953-01-17
None,Brentford,ENG,2,1397.59277344,1953-01-18,1953-01-24
None,Brentford,ENG,2,1396.59069824,1953-01-25,1953-02-07
None,Brentford,ENG,2,1387.1763916,1953-02-08,1953-02-14
None,Brentford,ENG,2,1382.94848633,1953-02-15,1953-02-21
None,Brentford,ENG,2,1388.4765625,1953-02-22,1953-02-28
None,Brentford,ENG,2,1403.14538574,1953-03-01,1953-03-07
None,Brentford,ENG,2,1413.6505127,1953-03-08,1953-03-14
None,Brentford,ENG,2,1425.05578613,1953-03-15,1953-03-21
None,Brentford,ENG,2,1406.97741699,1953-03-22,1953-03-28
None,Brentford,ENG,2,1398.59179688,1953-03-29,1953-04-03
None,Brentford,ENG,2,1396.66784668,1953-04-04,1953-04-04
None,Brentford,ENG,2,1393.88330078,1953-04-05,1953-04-06
None,Brentford,ENG,2,1389.74890137,1953-04-07,1953-04-11
None,Brentford,ENG,2,1385.36572266,1953-04-12,1953-04-18
None,Brentford,ENG,2,1383.86242676,1953-04-19,1953-04-19
None,Brentford,ENG,2,1373.86242676,1953-04-20,1953-04-22
None,Brentford,ENG,2,1374.48413086,1953-04-23,1953-04-25
None,Brentford,ENG,2,1387.68444824,1953-04-26,1953-05-01
None,Brentford,ENG,2,1378.64208984,1953-05-02,1953-05-15
None,Brentford,ENG,2,1371.64208984,1953-05-16,1953-05-18
None,Brentford,ENG,2,1377.64208984,1953-05-19,1953-05-25
None,Brentford,ENG,2,1384.64208984,1953-05-26,1953-06-02
None,Brentford,ENG,2,1375.64208984,1953-06-03,1953-06-09
None,Brentford,ENG,2,1381.64208984,1953-06-10,1953-08-19
None,Brentford,ENG,2,1388.4519043,1953-08-20,1953-08-22
None,Brentford,ENG,2,1384.46386719,1953-08-23,1953-08-27
None,Brentford,ENG,2,1369.95361328,1953-08-28,1953-08-29
None,Brentford,ENG,2,1376.83337402,1953-08-30,1953-08-31
None,Brentford,ENG,2,1381.91088867,1953-09-01,1953-09-05
None,Brentford,ENG,2,1363.00561523,1953-09-06,1953-09-10
None,Brentford,ENG,2,1348.70800781,1953-09-11,1953-09-12
None,Brentford,ENG,2,1344.98498535,1953-09-13,1953-09-16
None,Brentford,ENG,2,1339.99645996,1953-09-17,1953-09-19
None,Brentford,ENG,2,1336.77563477,1953-09-20,1953-09-26
None,Brentford,ENG,2,1330.28173828,1953-09-27,1953-10-03
None,Brentford,ENG,2,1338.61096191,1953-10-04,1953-10-10
None,Brentford,ENG,2,1351.27856445,1953-10-11,1953-10-11
None,Brentford,ENG,2,1372.27856445,1953-10-12,1953-10-17
None,Brentford,ENG,2,1379.00854492,1953-10-18,1953-10-24
None,Brentford,ENG,2,1373.09912109,1953-10-25,1953-10-31
None,Brentford,ENG,2,1373.21496582,1953-11-01,1953-11-07
None,Brentford,ENG,2,1378.97314453,1953-11-08,1953-11-14
None,Brentford,ENG,2,1386.47717285,1953-11-15,1953-11-21
None,Brentford,ENG,2,1382.65246582,1953-11-22,1953-11-28
None,Brentford,ENG,2,1354.55700684,1953-11-29,1953-12-05
None,Brentford,ENG,2,1349.01062012,1953-12-06,1953-12-12
None,Brentford,ENG,2,1350.11865234,1953-12-13,1953-12-19
None,Brentford,ENG,2,1350.3449707,1953-12-20,1953-12-25
None,Brentford,ENG,2,1356.36743164,1953-12-26,1953-12-26
None,Brentford,ENG,2,1348.2755127,1953-12-27,1954-01-02
None,Brentford,ENG,2,1343.86877441,1954-01-03,1954-01-16
None,Brentford,ENG,2,1348.78051758,1954-01-17,1954-01-23
None,Brentford,ENG,2,1338.6315918,1954-01-24,1954-01-30
None,Brentford,ENG,2,1342.49645996,1954-01-31,1954-02-06
None,Brentford,ENG,2,1335.77270508,1954-02-07,1954-02-13
None,Brentford,ENG,2,1334.97009277,1954-02-14,1954-02-24
None,Brentford,ENG,2,1329.58496094,1954-02-25,1954-02-27
None,Brentford,ENG,2,1339.89465332,1954-02-28,1954-03-06
None,Brentford,ENG,2,1333.23754883,1954-03-07,1954-03-13
None,Brentford,ENG,2,1346.21203613,1954-03-14,1954-03-20
None,Brentford,ENG,2,1343.62939453,1954-03-21,1954-03-27
None,Brentford,ENG,2,1351.34997559,1954-03-28,1954-04-03
None,Brentford,ENG,2,1356.61584473,1954-04-04,1954-04-04
None,Brentford,ENG,2,1386.61584473,1954-04-05,1954-04-10
None,Brentford,ENG,2,1379.00878906,1954-04-11,1954-04-16
None,Brentford,ENG,2,1384.72399902,1954-04-17,1954-04-17
None,Brentford,ENG,2,1380.0715332,1954-04-18,1954-04-24
None,Brentford,ENG,2,1371.37231445,1954-04-25,1954-05-17
None,Brentford,ENG,2,1361.37231445,1954-05-18,1954-05-25
None,Brentford,ENG,2,1351.37231445,1954-05-26,1954-06-19
None,Brentford,ENG,2,1333.37231445,1954-06-20,1954-06-22
None,Brentford,ENG,2,1358.37231445,1954-06-23,1954-06-27
None,Brentford,ENG,2,1310.37231445,1954-06-28,1954-07-01
None,Brentford,ENG,2,1425.93859863,1992-07-01,1992-08-15
None,Brentford,ENG,2,1413.81762695,1992-08-16,1992-08-22
None,Brentford,ENG,2,1409.41943359,1992-08-23,1992-08-29
None,Brentford,ENG,2,1415.5769043,1992-08-30,1992-09-01
None,Brentford,ENG,2,1429.49182129,1992-09-02,1992-09-04
None,Brentford,ENG,2,1423.6262207,1992-09-05,1992-09-13
None,Brentford,ENG,2,1417.44909668,1992-09-14,1992-09-16
None,Brentford,ENG,2,1403.90795898,1992-09-17,1992-09-19
None,Brentford,ENG,2,1408.72058105,1992-09-20,1992-09-26
None,Brentford,ENG,2,1408.87609863,1992-09-27,1992-09-28
None,Brentford,ENG,2,1408.94494629,1992-09-29,1992-09-29
None,Brentford,ENG,2,1406.5826416,1992-09-30,1992-09-30
None,Brentford,ENG,2,1406.64160156,1992-10-01,1992-10-01
None,Brentford,ENG,2,1406.64941406,1992-10-02,1992-10-04
None,Brentford,ENG,2,1399.55578613,1992-10-05,1992-10-09
None,Brentford,ENG,2,1407.28796387,1992-10-10,1992-10-10
None,Brentford,ENG,2,1410.06896973,1992-10-11,1992-10-17
None,Brentford,ENG,2,1410.05603027,1992-10-18,1992-10-20
None,Brentford,ENG,2,1405.26196289,1992-10-21,1992-10-21
None,Brentford,ENG,2,1404.56835938,1992-10-22,1992-10-22
None,Brentford,ENG,2,1399.77001953,1992-10-23,1992-10-24
None,Brentford,ENG,2,1394.65075684,1992-10-25,1992-10-31
None,Brentford,ENG,2,1408.33837891,1992-11-01,1992-11-03
None,Brentford,ENG,2,1426.38305664,1992-11-04,1992-11-04
None,Brentford,ENG,2,1403.30615234,1992-11-05,1992-11-07
None,Brentford,ENG,2,1415.0300293,1992-11-08,1992-11-14
None,Brentford,ENG,2,1410.12939453,1992-11-15,1992-11-21
None,Brentford,ENG,2,1397.1640625,1992-11-22,1992-11-28
None,Brentford,ENG,2,1404.61535645,1992-11-29,1992-12-05
None,Brentford,ENG,2,1417.30200195,1992-12-06,1992-12-12
None,Brentford,ENG,2,1431.43701172,1992-12-13,1992-12-20
None,Brentford,ENG,2,1432.61853027,1992-12-21,1992-12-26
None,Brentford,ENG,2,1440.95788574,1992-12-27,1992-12-28
None,Brentford,ENG,2,1443.10791016,1992-12-29,1993-01-09
None,Brentford,ENG,2,1430.21337891,1993-01-10,1993-01-17
None,Brentford,ENG,2,1420.65478516,1993-01-18,1993-01-23
None,Brentford,ENG,2,1416.63769531,1993-01-24,1993-01-30
None,Brentford,ENG,2,1397.45959473,1993-01-31,1993-02-06
None,Brentford,ENG,2,1408.52331543,1993-02-07,1993-02-09
None,Brentford,ENG,2,1411.96118164,1993-02-10,1993-02-14
None,Brentford,ENG,2,1401.73242188,1993-02-15,1993-02-21
None,Brentford,ENG,2,1390.57971191,1993-02-22,1993-02-27
None,Brentford,ENG,2,1380.97290039,1993-02-28,1993-03-06
None,Brentford,ENG,2,1374.60070801,1993-03-07,1993-03-09
None,Brentford,ENG,2,1366.99047852,1993-03-10,1993-03-13
None,Brentford,ENG,2,1363.0402832,1993-03-14,1993-03-20
None,Brentford,ENG,2,1348.1842041,1993-03-21,1993-03-23
None,Brentford,ENG,2,1360.16577148,1993-03-24,1993-03-27
None,Brentford,ENG,2,1362.35803223,1993-03-28,1993-04-03
None,Brentford,ENG,2,1378.2911377,1993-04-04,1993-04-06
None,Brentford,ENG,2,1376.7454834,1993-04-07,1993-04-10
None,Brentford,ENG,2,1373.046875,1993-04-11,1993-04-12
None,Brentford,ENG,2,1372.83288574,1993-04-13,1993-04-17
None,Brentford,ENG,2,1367.84912109,1993-04-18,1993-04-24
None,Brentford,ENG,2,1363.23327637,1993-04-25,1993-05-01
None,Brentford,ENG,2,1373.78356934,1993-05-02,1993-05-08
None,Brentford,ENG,2,1364.81738281,1993-05-09,1993-07-01
None,Brentford,ENG,2,1424.52624512,2014-07-01,2014-07-31
None,Brentford,ENG,2,1423.99511719,2014-08-01,2014-08-07
None,Brentford,ENG,2,1425.67565918,2014-08-08,2014-08-09
None,Brentford,ENG,2,1425.11889648,2014-08-10,2014-08-16
None,Brentford,ENG,2,1420.3605957,2014-08-17,2014-08-19
None,Brentford,ENG,2,1428.28503418,2014-08-20,2014-08-21
None,Brentford,ENG,2,1425.9987793,2014-08-22,2014-08-23
None,Brentford,ENG,2,1424.50195312,2014-08-24,2014-08-27
None,Brentford,ENG,2,1426.05895996,2014-08-28,2014-08-28
None,Brentford,ENG,2,1424.77209473,2014-08-29,2014-08-30
None,Brentford,ENG,2,1437.97717285,2014-08-31,2014-09-13
None,Brentford,ENG,2,1447.20996094,2014-09-14,2014-09-16
None,Brentford,ENG,2,1436.25756836,2014-09-17,2014-09-17
None,Brentford,ENG,2,1433.06860352,2014-09-18,2014-09-18
None,Brentford,ENG,2,1433.83056641,2014-09-19,2014-09-20
None,Brentford,ENG,2,1423.82751465,2014-09-21,2014-09-27
None,Brentford,ENG,2,1434.21777344,2014-09-28,2014-09-30
None,Brentford,ENG,2,1428.90771484,2014-10-01,2014-10-01
None,Brentford,ENG,2,1427.05627441,2014-10-02,2014-10-02
None,Brentford,ENG,2,1424.54309082,2014-10-03,2014-10-04
None,Brentford,ENG,2,1437.82202148,2014-10-05,2014-10-18
None,Brentford,ENG,2,1440.99279785,2014-10-19,2014-10-21
None,Brentford,ENG,2,1439.42431641,2014-10-22,2014-10-22
None,Brentford,ENG,2,1438.26208496,2014-10-23,2014-10-23
None,Brentford,ENG,2,1438.88586426,2014-10-24,2014-10-25
None,Brentford,ENG,2,1429.6652832,2014-10-26,2014-11-01
None,Brentford,ENG,2,1440.52453613,2014-11-02,2014-11-04
None,Brentford,ENG,2,1437.62878418,2014-11-05,2014-11-05
None,Brentford,ENG,2,1445.7076416,2014-11-06,2014-11-06
None,Brentford,ENG,2,1448.86535645,2014-11-07,2014-11-08
None,Brentford,ENG,2,1457.49633789,2014-11-09,2014-11-21
None,Brentford,ENG,2,1465.35791016,2014-11-22,2014-11-25
None,Brentford,ENG,2,1472.94287109,2014-11-26,2014-11-26
None,Brentford,ENG,2,1474.39379883,2014-11-27,2014-11-27
None,Brentford,ENG,2,1478.87475586,2014-11-28,2014-11-29
None,Brentford,ENG,2,1490.33837891,2014-11-30,2014-12-06
None,Brentford,ENG,2,1482.40612793,2014-12-07,2014-12-09
None,Brentford,ENG,2,1483.61547852,2014-12-10,2014-12-10
None,Brentford,ENG,2,1486.85327148,2014-12-11,2014-12-11
None,Brentford,ENG,2,1479.89343262,2014-12-12,2014-12-13
None,Brentford,ENG,2,1491.01025391,2014-12-14,2014-12-20
None,Brentford,ENG,2,1501.06567383,2014-12-21,2014-12-26
None,Brentford,ENG,2,1490.1328125,2014-12-27,2014-12-28
None,Brentford,ENG,2,1482.43786621,2014-12-29,2015-01-10
None,Brentford,ENG,2,1487.43762207,2015-01-11,2015-01-17
None,Brentford,ENG,2,1496.91418457,2015-01-18,2015-01-24
None,Brentford,ENG,2,1508.29089355,2015-01-25,2015-01-31
None,Brentford,ENG,2,1500.65551758,2015-02-01,2015-02-07
None,Brentford,ENG,2,1508.25561523,2015-02-08,2015-02-10
None,Brentford,ENG,2,1499.91967773,2015-02-11,2015-02-14
None,Brentford,ENG,2,1484.62792969,2015-02-15,2015-02-17
None,Brentford,ENG,2,1485.01147461,2015-02-18,2015-02-19
None,Brentford,ENG,2,1487.99621582,2015-02-20,2015-02-21
None,Brentford,ENG,2,1500.88964844,2015-02-22,2015-02-24
None,Brentford,ENG,2,1506.22351074,2015-02-25,2015-02-25
None,Brentford,ENG,2,1499.99707031,2015-02-26,2015-02-26
None,Brentford,ENG,2,1493.24450684,2015-02-27,2015-02-28
None,Brentford,ENG,2,1484.86816406,2015-03-01,2015-03-03
None,Brentford,ENG,2,1493.90722656,2015-03-04,2015-03-07
None,Brentford,ENG,2,1496.56176758,2015-03-08,2015-03-11
None,Brentford,ENG,2,1492.75097656,2015-03-12,2015-03-12
None,Brentford,ENG,2,1493.89611816,2015-03-13,2015-03-14
None,Brentford,ENG,2,1483.62890625,2015-03-15,2015-03-17
None,Brentford,ENG,2,1496.61364746,2015-03-18,2015-03-18
None,Brentford,ENG,2,1496.03771973,2015-03-19,2015-03-19
None,Brentford,ENG,2,1489.73864746,2015-03-20,2015-03-21
None,Brentford,ENG,2,1484.46313477,2015-03-22,2015-04-03
None,Brentford,ENG,2,1498.58032227,2015-04-04,2015-04-06
None,Brentford,ENG,2,1496.46679688,2015-04-07,2015-04-11
None,Brentford,ENG,2,1499.61218262,2015-04-12,2015-04-14
None,Brentford,ENG,2,1491.37365723,2015-04-15,2015-04-18
None,Brentford,ENG,2,1488.85620117,2015-04-19,2015-04-25
None,Brentford,ENG,2,1499.03234863,2015-04-26,2015-05-02
None,Brentford,ENG,2,1506.58508301,2015-05-03,2015-05-08
None,Brentford,ENG,2,1498.71606445,2015-05-09,2015-05-15
None,Brentford,ENG,2,1489.21386719,2015-05-16,2015-07-02
None,Brentford,ENG,2,1489.21826172,2015-07-03,2015-07-09
None,Brentford,ENG,2,1489.21838379,2015-07-10,2015-07-16
None,Brentford,ENG,2,1489.21850586,2015-07-17,2015-07-23
None,Brentford,ENG,2,1484.62475586,2015-07-24,2015-07-30
None,Brentford,ENG,2,1484.84851074,2015-07-31,2015-08-06
None,Brentford,ENG,2,1482.37353516,2015-08-07,2015-08-08
None,Brentford,ENG,2,1481.57324219,2015-08-09,2015-08-15
None,Brentford,ENG,2,1489.99414062,2015-08-16,2015-08-18
None,Brentford,ENG,2,1491.38989258,2015-08-19,2015-08-20
None,Brentford,ENG,2,1489.96203613,2015-08-21,2015-08-22
None,Brentford,ENG,2,1484.62109375,2015-08-23,2015-08-26
None,Brentford,ENG,2,1486.37158203,2015-08-27,2015-08-27
None,Brentford,ENG,2,1481.45532227,2015-08-28,2015-08-29
None,Brentford,ENG,2,1465.44665527,2015-08-30,2015-09-12
None,Brentford,ENG,2,1465.74462891,2015-09-13,2015-09-15
None,Brentford,ENG,2,1452.23571777,2015-09-16,2015-09-16
None,Brentford,ENG,2,1449.16296387,2015-09-17,2015-09-17
None,Brentford,ENG,2,1450.2142334,2015-09-18,2015-09-19
None,Brentford,ENG,2,1454.7376709,2015-09-20,2015-09-26
None,Brentford,ENG,2,1444.84765625,2015-09-27,2015-09-29
None,Brentford,ENG,2,1425.59130859,2015-09-30,2015-09-30
None,Brentford,ENG,2,1430.26916504,2015-10-01,2015-10-01
None,Brentford,ENG,2,1428.74645996,2015-10-02,2015-10-03
None,Brentford,ENG,2,1421.82324219,2015-10-04,2015-10-17
None,Brentford,ENG,2,1427.07531738,2015-10-18,2015-10-20
None,Brentford,ENG,2,1432.36193848,2015-10-21,2015-10-21
None,Brentford,ENG,2,1449.99365234,2015-10-22,2015-10-22
None,Brentford,ENG,2,1444.93640137,2015-10-23,2015-10-24
None,Brentford,ENG,2,1458.11706543,2015-10-25,2015-10-30
None,Brentford,ENG,2,1466.01306152,2015-10-31,2015-11-03
None,Brentford,ENG,2,1463.06262207,2015-11-04,2015-11-04
None,Brentford,ENG,2,1462.59729004,2015-11-05,2015-11-05
None,Brentford,ENG,2,1465.7635498,2015-11-06,2015-11-07
None,Brentford,ENG,2,1467.49633789,2015-11-08,2015-11-21
None,Brentford,ENG,2,1473.20568848,2015-11-22,2015-11-24
None,Brentford,ENG,2,1476.16625977,2015-11-25,2015-11-25
None,Brentford,ENG,2,1472.47338867,2015-11-26,2015-11-26
None,Brentford,ENG,2,1474.5736084,2015-11-27,2015-11-30
None,Brentford,ENG,2,1473.13293457,2015-12-01,2015-12-05
None,Brentford,ENG,2,1479.12268066,2015-12-06,2015-12-08
None,Brentford,ENG,2,1479.2845459,2015-12-09,2015-12-09
None,Brentford,ENG,2,1486.08776855,2015-12-10,2015-12-10
None,Brentford,ENG,2,1486.92626953,2015-12-11,2015-12-12
None,Brentford,ENG,2,1486.47143555,2015-12-13,2015-12-15
None,Brentford,ENG,2,1479.5357666,2015-12-16,2015-12-19
None,Brentford,ENG,2,1486.69873047,2015-12-20,2015-12-26
None,Brentford,ENG,2,1485.85668945,2015-12-27,2015-12-28
None,Brentford,ENG,2,1493.86608887,2015-12-29,2016-01-02
None,Brentford,ENG,2,1486.52111816,2016-01-03,2016-01-12
None,Brentford,ENG,2,1480.27697754,2016-01-13,2016-01-15
None,Brentford,ENG,2,1469.77905273,2016-01-16,2016-01-23
None,Brentford,ENG,2,1481.79138184,2016-01-24,2016-01-26
None,Brentford,ENG,2,1479.06274414,2016-01-27,2016-02-05
None,Brentford,ENG,2,1467.67333984,2016-02-06,2016-02-13
None,Brentford,ENG,2,1456.5604248,2016-02-14,2016-02-16
None,Brentford,ENG,2,1455.9609375,2016-02-17,2016-02-18
None,Brentford,ENG,2,1455.19812012,2016-02-19,2016-02-20
None,Brentford,ENG,2,1444.58459473,2016-02-21,2016-02-23
None,Brentford,ENG,2,1455.53027344,2016-02-24,2016-02-24
None,Brentford,ENG,2,1459.10766602,2016-02-25,2016-02-25
None,Brentford,ENG,2,1468.2401123,2016-02-26,2016-02-27
None,Brentford,ENG,2,1458.67602539,2016-02-28,2016-03-05
None,Brentford,ENG,2,1446.82531738,2016-03-06,2016-03-09
None,Brentford,ENG,2,1444.26855469,2016-03-10,2016-03-10
None,Brentford,ENG,2,1440.03967285,2016-03-11,2016-03-12
None,Brentford,ENG,2,1431.05493164,2016-03-13,2016-03-15
None,Brentford,ENG,2,1431.13647461,2016-03-16,2016-03-16
None,Brentford,ENG,2,1430.99572754,2016-03-17,2016-03-17
None,Brentford,ENG,2,1429.63879395,2016-03-18,2016-03-19
None,Brentford,ENG,2,1421.2388916,2016-03-20,2016-04-02
None,Brentford,ENG,2,1438.09436035,2016-04-03,2016-04-05
None,Brentford,ENG,2,1444.13000488,2016-04-06,2016-04-06
None,Brentford,ENG,2,1445.7454834,2016-04-07,2016-04-07
None,Brentford,ENG,2,1447.08496094,2016-04-08,2016-04-09
None,Brentford,ENG,2,1462.08947754,2016-04-10,2016-04-12
None,Brentford,ENG,2,1464.66723633,2016-04-13,2016-04-14
None,Brentford,ENG,2,1468.29846191,2016-04-15,2016-04-16
None,Brentford,ENG,2,1465.30310059,2016-04-17,2016-04-19
None,Brentford,ENG,2,1473.13342285,2016-04-20,2016-04-23
None,Brentford,ENG,2,1484.52648926,2016-04-24,2016-04-26
None,Brentford,ENG,2,1478.02038574,2016-04-27,2016-04-28
None,Brentford,ENG,2,1476.6373291,2016-04-29,2016-04-30
None,Brentford,ENG,2,1485.97644043,2016-05-01,2016-05-04
None,Brentford,ENG,2,1484.67468262,2016-05-05,2016-05-05
None,Brentford,ENG,2,1492.06787109,2016-05-06,2016-05-07
None,Brentford,ENG,2,1508.03100586,2016-05-08,2016-05-18
None,Brentford,ENG,2,1504.36047363,2016-05-19,2016-07-28
None,Brentford,ENG,2,1503.21801758,2016-07-29,2016-08-04
None,Brentford,ENG,2,1504.6595459,2016-08-05,2016-08-06
None,Brentford,ENG,2,1496.20654297,2016-08-07,2016-08-13
None,Brentford,ENG,2,1505.81091309,2016-08-14,2016-08-16
None,Brentford,ENG,2,1512.11474609,2016-08-17,2016-08-18
None,Brentford,ENG,2,1512.11096191,2016-08-19,2016-08-20
None,Brentford,ENG,2,1502.96459961,2016-08-21,2016-08-24
None,Brentford,ENG,2,1502.98022461,2016-08-25,2016-08-25
None,Brentford,ENG,2,1495.89331055,2016-08-26,2016-08-27
None,Brentford,ENG,2,1494.66015625,2016-08-28,2016-09-10
None,Brentford,ENG,2,1510.62475586,2016-09-11,2016-09-13
None,Brentford,ENG,2,1511.78063965,2016-09-14,2016-09-14
None,Brentford,ENG,2,1514.72644043,2016-09-15,2016-09-15
None,Brentford,ENG,2,1513.05859375,2016-09-16,2016-09-17
None,Brentford,ENG,2,1524.43273926,2016-09-18,2016-09-24
None,Brentford,ENG,2,1513.36572266,2016-09-25,2016-09-27
None,Brentford,ENG,2,1526.28991699,2016-09-28,2016-09-28
None,Brentford,ENG,2,1525.51123047,2016-09-29,2016-09-29
None,Brentford,ENG,2,1524.9387207,2016-09-30,2016-10-01
None,Brentford,ENG,2,1519.34875488,2016-10-02,2016-10-15
None,Brentford,ENG,2,1513.7154541,2016-10-16,2016-10-18
None,Brentford,ENG,2,1516.45129395,2016-10-19,2016-10-19
None,Brentford,ENG,2,1515.56994629,2016-10-20,2016-10-20
None,Brentford,ENG,2,1514.26745605,2016-10-21,2016-10-22
None,Brentford,ENG,2,1496.71081543,2016-10-23,2016-10-28
None,Brentford,ENG,2,1509.38208008,2016-10-29,2016-11-01
None,Brentford,ENG,2,1514.74108887,2016-11-02,2016-11-02
None,Brentford,ENG,2,1510.38110352,2016-11-03,2016-11-03
None,Brentford,ENG,2,1508.55969238,2016-11-04,2016-11-04
None,Brentford,ENG,2,1493.01708984,2016-11-05,2016-11-19
None,Brentford,ENG,2,1484.55493164,2016-11-20,2016-11-22
None,Brentford,ENG,2,1483.34777832,2016-11-23,2016-11-23
None,Brentford,ENG,2,1482.25292969,2016-11-24,2016-11-24
None,Brentford,ENG,2,1481.04394531,2016-11-25,2016-11-26
None,Brentford,ENG,2,1471.74462891,2016-11-27,2016-12-03
None,Brentford,ENG,2,1460.23181152,2016-12-04,2016-12-06
None,Brentford,ENG,2,1460.69067383,2016-12-07,2016-12-07
None,Brentford,ENG,2,1458.01538086,2016-12-08,2016-12-08
None,Brentford,ENG,2,1458.28759766,2016-12-09,2016-12-10
None,Brentford,ENG,2,1463.0847168,2016-12-11,2016-12-13
None,Brentford,ENG,2,1472.05432129,2016-12-14,2016-12-17
None,Brentford,ENG,2,1466.14318848,2016-12-18,2016-12-26
None,Brentford,ENG,2,1463.22839355,2016-12-27,2016-12-31
None,Brentford,ENG,2,1462.87133789,2017-01-01,2017-01-02
None,Brentford,ENG,2,1476.15124512,2017-01-03,2017-01-14
None,Brentford,ENG,2,1470.46264648,2017-01-15,2017-01-21
None,Brentford,ENG,2,1461.17529297,2017-01-22,2017-01-31
None,Brentford,ENG,2,1473.07824707,2017-02-01,2017-02-05
None,Brentford,ENG,2,1474.67785645,2017-02-06,2017-02-11
None,Brentford,ENG,2,1465.85925293,2017-02-12,2017-02-14
None,Brentford,ENG,2,1460.01745605,2017-02-15,2017-02-15
None,Brentford,ENG,2,1457.18017578,2017-02-16,2017-02-16
None,Brentford,ENG,2,1458.2878418,2017-02-17,2017-02-21
None,Brentford,ENG,2,1472.70300293,2017-02-22,2017-02-22
None,Brentford,ENG,2,1473.4362793,2017-02-23,2017-02-23
None,Brentford,ENG,2,1468.36303711,2017-02-24,2017-02-25
None,Brentford,ENG,2,1472.39526367,2017-02-26,2017-03-04
None,Brentford,ENG,2,1473.84631348,2017-03-05,2017-03-07
None,Brentford,ENG,2,1481.19299316,2017-03-08,2017-03-09
None,Brentford,ENG,2,1481.70361328,2017-03-10,2017-03-11
None,Brentford,ENG,2,1472.63464355,2017-03-12,2017-03-14
None,Brentford,ENG,2,1467.69055176,2017-03-15,2017-03-15
None,Brentford,ENG,2,1462.60388184,2017-03-16,2017-03-16
None,Brentford,ENG,2,1464.09558105,2017-03-17,2017-03-18
None,Brentford,ENG,2,1474.91772461,2017-03-19,2017-04-01
None,Brentford,ENG,2,1481.54943848,2017-04-02,2017-04-04
None,Brentford,ENG,2,1491.71679688,2017-04-05,2017-04-08
None,Brentford,ENG,2,1485.17333984,2017-04-09,2017-04-12
None,Brentford,ENG,2,1484.75732422,2017-04-13,2017-04-13
None,Brentford,ENG,2,1485.22021484,2017-04-14,2017-04-14
None,Brentford,ENG,2,1498.21887207,2017-04-15,2017-04-17
None,Brentford,ENG,2,1498.50073242,2017-04-18,2017-04-18
None,Brentford,ENG,2,1497.96594238,2017-04-19,2017-04-20
None,Brentford,ENG,2,1499.43469238,2017-04-21,2017-04-22
None,Brentford,ENG,2,1505.63037109,2017-04-23,2017-04-29
None,Brentford,ENG,2,1508.98095703,2017-04-30,2017-05-04
None,Brentford,ENG,2,1510.7364502,2017-05-05,2017-05-07
None,Brentford,ENG,2,1493.67980957,2017-05-08,2017-05-11
None,Brentford,ENG,2,1493.78039551,2017-05-12,2017-05-24
None,Brentford,ENG,2,1496.5255127,2017-05-25,2017-07-27
None,Brentford,ENG,2,1496.53881836,2017-07-28,2017-08-03
None,Brentford,ENG,2,1496.86096191,2017-08-04,2017-08-05
None,Brentford,ENG,2,1487.07226562,2017-08-06,2017-08-12
None,Brentford,ENG,2,1475.70239258,2017-08-13,2017-08-15
None,Brentford,ENG,2,1475.09509277,2017-08-16,2017-08-17
None,Brentford,ENG,2,1476.26452637,2017-08-18,2017-08-19
None,Brentford,ENG,2,1467.28222656,2017-08-20,2017-08-23
None,Brentford,ENG,2,1468.84094238,2017-08-24,2017-08-24
None,Brentford,ENG,2,1469.13562012,2017-08-25,2017-08-26
None,Brentford,ENG,2,1467.56494141,2017-08-27,2017-09-09
None,Brentford,ENG,2,1469.95593262,2017-09-10,2017-09-12
None,Brentford,ENG,2,1466.68762207,2017-09-13,2017-09-13
None,Brentford,ENG,2,1470.41955566,2017-09-14,2017-09-14
None,Brentford,ENG,2,1467.58276367,2017-09-15,2017-09-16
None,Brentford,ENG,2,1466.78442383,2017-09-17,2017-09-23
None,Brentford,ENG,2,1477.54418945,2017-09-24,2017-09-26
None,Brentford,ENG,2,1478.62670898,2017-09-27,2017-09-27
None,Brentford,ENG,2,1486.42114258,2017-09-28,2017-09-28
None,Brentford,ENG,2,1484.81774902,2017-09-29,2017-09-30
None,Brentford,ENG,2,1488.83935547,2017-10-01,2017-10-14
None,Brentford,ENG,2,1493.00048828,2017-10-15,2017-10-17
None,Brentford,ENG,2,1498.3223877,2017-10-18,2017-10-18
None,Brentford,ENG,2,1498.74157715,2017-10-19,2017-10-19
None,Brentford,ENG,2,1496.30163574,2017-10-20,2017-10-21
None,Brentford,ENG,2,1494.70483398,2017-10-22,2017-10-28
None,Brentford,ENG,2,1504.93273926,2017-10-29,2017-10-31
None,Brentford,ENG,2,1502.1595459,2017-11-01,2017-11-01
None,Brentford,ENG,2,1519.94702148,2017-11-02,2017-11-02
None,Brentford,ENG,2,1514.61401367,2017-11-03,2017-11-04
None,Brentford,ENG,2,1523.97558594,2017-11-05,2017-11-18
None,Brentford,ENG,2,1515.58959961,2017-11-19,2017-11-21
None,Brentford,ENG,2,1512.53552246,2017-11-22,2017-11-22
None,Brentford,ENG,2,1509.72790527,2017-11-23,2017-11-23
None,Brentford,ENG,2,1499.17749023,2017-11-24,2017-11-27
None,Brentford,ENG,2,1498.88183594,2017-11-28,2017-12-02
None,Brentford,ENG,2,1508.66174316,2017-12-03,2017-12-05
None,Brentford,ENG,2,1508.69140625,2017-12-06,2017-12-06
None,Brentford,ENG,2,1507.94946289,2017-12-07,2017-12-07
None,Brentford,ENG,2,1511.82641602,2017-12-08,2017-12-09
None,Brentford,ENG,2,1505.3203125,2017-12-10,2017-12-16
None,Brentford,ENG,2,1500.84753418,2017-12-17,2017-12-22
None,Brentford,ENG,2,1509.85424805,2017-12-23,2017-12-26
None,Brentford,ENG,2,1516.58178711,2017-12-27,2017-12-30
None,Brentford,ENG,2,1525.36572266,2017-12-31,2018-01-02
None,Brentford,ENG,2,1516.42663574,2018-01-03,2018-01-13
None,Brentford,ENG,2,1521.64123535,2018-01-14,2018-01-20
None,Brentford,ENG,2,1529.57043457,2018-01-21,2018-01-27
None,Brentford,ENG,2,1519.3145752,2018-01-28,2018-02-03
None,Brentford,ENG,2,1509.78564453,2018-02-04,2018-02-10
None,Brentford,ENG,2,1508.29333496,2018-02-11,2018-02-13
None,Brentford,ENG,2,1511.18212891,2018-02-14,2018-02-14
None,Brentford,ENG,2,1515.22351074,2018-02-15,2018-02-15
None,Brentford,ENG,2,1515.7890625,2018-02-16,2018-02-17
None,Brentford,ENG,2,1526.38708496,2018-02-18,2018-02-20
None,Brentford,ENG,2,1534.9197998,2018-02-21,2018-02-21
None,Brentford,ENG,2,1534.83288574,2018-02-22,2018-02-22
None,Brentford,ENG,2,1534.68481445,2018-02-23,2018-02-24
None,Brentford,ENG,2,1527.34179688,2018-02-25,2018-03-06
None,Brentford,ENG,2,1534.71655273,2018-03-07,2018-03-07
None,Brentford,ENG,2,1529.51843262,2018-03-08,2018-03-08
None,Brentford,ENG,2,1532.7734375,2018-03-09,2018-03-10
None,Brentford,ENG,2,1524.81738281,2018-03-11,2018-03-13
None,Brentford,ENG,2,1507.6496582,2018-03-14,2018-03-14
None,Brentford,ENG,2,1505.6451416,2018-03-15,2018-03-15
None,Brentford,ENG,2,1506.74865723,2018-03-16,2018-03-17
None,Brentford,ENG,2,1506.77490234,2018-03-18,2018-03-30
None,Brentford,ENG,2,1503.97900391,2018-03-31,2018-04-02
None,Brentford,ENG,2,1513.18200684,2018-04-03,2018-04-05
None,Brentford,ENG,2,1516.77246094,2018-04-06,2018-04-07
None,Brentford,ENG,2,1521.98046875,2018-04-08,2018-04-10
None,Brentford,ENG,2,1528.85583496,2018-04-11,2018-04-12
None,Brentford,ENG,2,1529.1517334,2018-04-13,2018-04-14
None,Brentford,ENG,2,1533.40881348,2018-04-15,2018-04-21
None,Brentford,ENG,2,1537.98364258,2018-04-22,2018-04-24
None,Brentford,ENG,2,1541.02587891,2018-04-25,2018-04-26
None,Brentford,ENG,2,1540.34448242,2018-04-27,2018-04-28
None,Brentford,ENG,2,1525.43640137,2018-04-29,2018-05-02
None,Brentford,ENG,2,1524.52624512,2018-05-03,2018-05-03
None,Brentford,ENG,2,1522.97253418,2018-05-04,2018-05-06
None,Brentford,ENG,2,1520.25598145,2018-05-07,2018-05-26
None,Brentford,ENG,2,1517.73413086,2018-05-27,2018-07-26
None,Brentford,ENG,2,1517.75183105,2018-07-27,2018-08-02
None,Brentford,ENG,2,1518.67907715,2018-08-03,2018-08-04
None,Brentford,ENG,2,1525.34521484,2018-08-05,2018-08-09
None,Brentford,ENG,2,1525.74633789,2018-08-10,2018-08-11
None,Brentford,ENG,2,1529.94567871,2018-08-12,2018-08-16
None,Brentford,ENG,2,1532.68737793,2018-08-17,2018-08-19
None,Brentford,ENG,2,1540.21337891,2018-08-20,2018-08-22
None,Brentford,ENG,2,1543.2019043,2018-08-23,2018-08-23
None,Brentford,ENG,2,1539.44665527,2018-08-24,2018-08-25
None,Brentford,ENG,2,1529.25073242,2018-08-26,2018-08-30
None,Brentford,ENG,2,1526.76635742,2018-08-31,2018-09-01
None,Brentford,ENG,2,1530.9420166,2018-09-02,2018-09-15
None,Brentford,ENG,2,1536.0958252,2018-09-16,2018-09-18
None,Brentford,ENG,2,1532.61523438,2018-09-19,2018-09-19
None,Brentford,ENG,2,1530.68994141,2018-09-20,2018-09-20
None,Brentford,ENG,2,1533.01635742,2018-09-21,2018-09-22
None,Brentford,ENG,2,1523.23120117,2018-09-23,2018-09-29
None,Brentford,ENG,2,1518.23754883,2018-09-30,2018-10-02
None,Brentford,ENG,2,1513.60070801,2018-10-03,2018-10-03
None,Brentford,ENG,2,1507.44348145,2018-10-04,2018-10-04
None,Brentford,ENG,2,1509.29321289,2018-10-05,2018-10-06
None,Brentford,ENG,2,1511.34118652,2018-10-07,2018-10-20
None,Brentford,ENG,2,1500.58032227,2018-10-21,2018-10-23
None,Brentford,ENG,2,1501.15893555,2018-10-24,2018-10-24
None,Brentford,ENG,2,1493.93225098,2018-10-25,2018-10-25
None,Brentford,ENG,2,1496.55224609,2018-10-26,2018-10-27
None,Brentford,ENG,2,1490.1072998,2018-10-28,2018-11-03
None,Brentford,ENG,2,1498.58056641,2018-11-04,2018-11-06
None,Brentford,ENG,2,1493.61474609,2018-11-07,2018-11-07
None,Brentford,ENG,2,1499.6072998,2018-11-08,2018-11-08
None,Brentford,ENG,2,1498.41894531,2018-11-09,2018-11-10
None,Brentford,ENG,2,1490.80603027,2018-11-11,2018-11-24
None,Brentford,ENG,2,1482.99328613,2018-11-25,2018-11-27
None,Brentford,ENG,2,1473.11657715,2018-11-28,2018-11-28
None,Brentford,ENG,2,1472.2199707,2018-11-29,2018-11-29
None,Brentford,ENG,2,1474.7935791,2018-11-30,2018-12-03
None,Brentford,ENG,2,1479.59387207,2018-12-04,2018-12-08
None,Brentford,ENG,2,1471.5423584,2018-12-09,2018-12-11
None,Brentford,ENG,2,1474.68811035,2018-12-12,2018-12-12
None,Brentford,ENG,2,1472.66943359,2018-12-13,2018-12-13
None,Brentford,ENG,2,1470.46044922,2018-12-14,2018-12-15
None,Brentford,ENG,2,1460.4831543,2018-12-16,2018-12-22
None,Brentford,ENG,2,1464.23034668,2018-12-23,2018-12-26
None,Brentford,ENG,2,1466.02026367,2018-12-27,2018-12-29
None,Brentford,ENG,2,1468.12451172,2018-12-30,2019-01-01
None,Brentford,ENG,2,1468.64892578,2019-01-02,2019-01-12
None,Brentford,ENG,2,1480.99926758,2019-01-13,2019-01-19
None,Brentford,ENG,2,1490.18688965,2019-01-20,2019-02-02
None,Brentford,ENG,2,1499.77880859,2019-02-03,2019-02-09
None,Brentford,ENG,2,1492.43530273,2019-02-10,2019-02-12
None,Brentford,ENG,2,1488.46508789,2019-02-13,2019-02-13
None,Brentford,ENG,2,1499.72827148,2019-02-14,2019-02-14
None,Brentford,ENG,2,1498.71057129,2019-02-15,2019-02-19
None,Brentford,ENG,2,1498.07873535,2019-02-20,2019-02-20
None,Brentford,ENG,2,1498.73242188,2019-02-21,2019-02-21
None,Brentford,ENG,2,1501.72106934,2019-02-22,2019-02-23
None,Brentford,ENG,2,1514.27807617,2019-02-24,2019-02-26
None,Brentford,ENG,2,1503.37805176,2019-02-27,2019-03-02
None,Brentford,ENG,2,1511.54968262,2019-03-03,2019-03-05
None,Brentford,ENG,2,1513.01245117,2019-03-06,2019-03-06
None,Brentford,ENG,2,1519.86706543,2019-03-07,2019-03-07
None,Brentford,ENG,2,1518.08081055,2019-03-08,2019-03-09
None,Brentford,ENG,2,1529.21960449,2019-03-10,2019-03-12
None,Brentford,ENG,2,1522.20800781,2019-03-13,2019-03-13
None,Brentford,ENG,2,1527.59863281,2019-03-14,2019-03-14
None,Brentford,ENG,2,1533.77648926,2019-03-15,2019-03-16
None,Brentford,ENG,2,1525.75720215,2019-03-17,2019-03-30
None,Brentford,ENG,2,1523.92321777,2019-03-31,2019-04-02
None,Brentford,ENG,2,1512.63012695,2019-04-03,2019-04-06
None,Brentford,ENG,2,1511.03442383,2019-04-07,2019-04-09
None,Brentford,ENG,2,1512.50671387,2019-04-10,2019-04-10
None,Brentford,ENG,2,1515.93273926,2019-04-11,2019-04-11
None,Brentford,ENG,2,1519.80505371,2019-04-12,2019-04-13
None,Brentford,ENG,2,1511.27575684,2019-04-14,2019-04-16
None,Brentford,ENG,2,1509.45959473,2019-04-17,2019-04-17
None,Brentford,ENG,2,1510.83374023,2019-04-18,2019-04-18
None,Brentford,ENG,2,1513.01220703,2019-04-19,2019-04-19
None,Brentford,ENG,2,1513.63500977,2019-04-20,2019-04-22
None,Brentford,ENG,2,1524.56762695,2019-04-23,2019-04-30
None,Brentford,ENG,2,1521.1661377,2019-05-01,2019-05-01
None,Brentford,ENG,2,1517.21350098,2019-05-02,2019-05-02
None,Brentford,ENG,2,1520.48962402,2019-05-03,2019-05-05
None,Brentford,ENG,2,1530.83776855,2019-05-06,2019-05-07
None,Brentford,ENG,2,1538.67126465,2019-05-08,2019-05-08
None,Brentford,ENG,2,1543.76159668,2019-05-09,2019-05-09
None,Brentford,ENG,2,1544.66308594,2019-05-10,2019-07-25
None,Brentford,ENG,2,1544.67456055,2019-07-26,2019-08-01
None,Brentford,ENG,2,1544.6817627,2019-08-02,2019-08-03
None,Brentford,ENG,2,1533.75366211,2019-08-04,2019-08-08
None,Brentford,ENG,2,1533.92468262,2019-08-09,2019-08-10
None,Brentford,ENG,2,1543.90454102,2019-08-11,2019-08-15
None,Brentford,ENG,2,1544.00732422,2019-08-16,2019-08-17
None,Brentford,ENG,2,1541.21740723,2019-08-18,2019-08-21
None,Brentford,ENG,2,1535.60900879,2019-08-22,2019-08-22
None,Brentford,ENG,2,1538.57714844,2019-08-23,2019-08-24
None,Brentford,ENG,2,1529.93286133,2019-08-25,2019-08-29
None,Brentford,ENG,2,1531.12036133,2019-08-30,2019-08-31
None,Brentford,ENG,2,1543.88232422,2019-09-01,2019-09-14
None,Brentford,ENG,2,1534.47070312,2019-09-15,2019-09-17
None,Brentford,ENG,2,1524.98217773,2019-09-18,2019-09-18
None,Brentford,ENG,2,1526.22229004,2019-09-19,2019-09-19
None,Brentford,ENG,2,1526.45690918,2019-09-20,2019-09-21
None,Brentford,ENG,2,1523.00183105,2019-09-22,2019-09-29
None,Brentford,ENG,2,1531.64221191,2019-09-30,2019-10-01
None,Brentford,ENG,2,1526.01464844,2019-10-02,2019-10-02
None,Brentford,ENG,2,1527.31628418,2019-10-03,2019-10-03
None,Brentford,ENG,2,1529.10192871,2019-10-04,2019-10-05
None,Brentford,ENG,2,1522.86572266,2019-10-06,2019-10-19
None,Brentford,ENG,2,1527.98925781,2019-10-20,2019-10-22
None,Brentford,ENG,2,1549.63647461,2019-10-23,2019-10-23
None,Brentford,ENG,2,1553.68933105,2019-10-24,2019-10-24
None,Brentford,ENG,2,1555.63232422,2019-10-25,2019-10-28
None,Brentford,ENG,2,1566.37561035,2019-10-29,2019-11-02
None,Brentford,ENG,2,1554.73168945,2019-11-03,2019-11-05
None,Brentford,ENG,2,1554.03845215,2019-11-06,2019-11-06
None,Brentford,ENG,2,1553.6237793,2019-11-07,2019-11-07
None,Brentford,ENG,2,1554.55151367,2019-11-08,2019-11-09
None,Brentford,ENG,2,1566.65856934,2019-11-10,2019-11-23
None,Brentford,ENG,2,1570.95812988,2019-11-24,2019-11-26
None,Brentford,ENG,2,1569.90588379,2019-11-27,2019-11-27
None,Brentford,ENG,2,1558.20947266,2019-11-28,2019-11-28
None,Brentford,ENG,2,1549.13269043,2019-11-29,2019-11-30
None,Brentford,ENG,2,1557.98583984,2019-12-01,2019-12-07
None,Brentford,ENG,2,1551.04187012,2019-12-08,2019-12-10
None,Brentford,ENG,2,1553.23364258,2019-12-11,2019-12-11
None,Brentford,ENG,2,1560.08618164,2019-12-12,2019-12-12
None,Brentford,ENG,2,1562.20617676,2019-12-13,2019-12-14
None,Brentford,ENG,2,1568.88916016,2019-12-15,2019-12-21
None,Brentford,ENG,2,1572.92236328,2019-12-22,2019-12-26
None,Brentford,ENG,2,1581.01342773,2019-12-27,2019-12-29
None,Brentford,ENG,2,1572.1550293,2019-12-30,2020-01-01
None,Brentford,ENG,2,1588.57299805,2020-01-02,2020-01-11
None,Brentford,ENG,2,1593.83044434,2020-01-12,2020-01-18
None,Brentford,ENG,2,1591.50744629,2020-01-19,2020-01-28
None,Brentford,ENG,2,1580.71350098,2020-01-29,2020-02-01
100,Brentford,ENG,2,1595.33117676,2020-02-02,2020-02-02
None,Brentford,ENG,2,1595.33117676,2020-02-03,2020-02-08
97,Brentford,ENG,2,1600.32592773,2020-02-09,2020-02-11
98,Brentford,ENG,2,1597.91040039,2020-02-12,2020-02-15
99,Brentford,ENG,2,1596.38586426,2020-02-16,2020-02-16
97,Brentford,ENG,2,1596.38586426,2020-02-17,2020-02-18
100,Brentford,ENG,2,1594.04882812,2020-02-19,2020-02-19
None,Brentford,ENG,2,1591.25305176,2020-02-20,2020-02-20
98,Brentford,ENG,2,1596.99865723,2020-02-21,2020-02-22
None,Brentford,ENG,2,1593.95227051,2020-02-23,2020-02-25
None,Brentford,ENG,2,1579.17663574,2020-02-26,2020-02-26
None,Brentford,ENG,2,1581.02441406,2020-02-27,2020-02-27
None,Brentford,ENG,2,1579.43530273,2020-02-28,2020-02-29
None,Brentford,ENG,2,1579.95056152,2020-03-01,2020-03-07
None,Brentford,ENG,2,1590.14587402,2020-03-08,2020-03-10
None,Brentford,ENG,2,1586.51623535,2020-03-11,2020-03-11
None,Brentford,ENG,2,1579.50769043,2020-03-12,2020-03-12
None,Brentford,ENG,2,1583.8380127,2020-03-13,2020-06-20
None,Brentford,ENG,2,1596.29040527,2020-06-21,2020-06-26
99,Brentford,ENG,2,1603.33862305,2020-06-27,2020-06-27
97,Brentford,ENG,2,1603.33862305,2020-06-28,2020-06-30
85,Brentford,ENG,2,1614.06188965,2020-07-01,2020-07-04
80,Brentford,ENG,2,1621.33569336,2020-07-05,2020-07-05
81,Brentford,ENG,2,1621.33569336,2020-07-06,2020-07-07
80,Brentford,ENG,2,1624.04870605,2020-07-08,2020-07-08
81,Brentford,ENG,2,1624.04870605,2020-07-09,2020-07-11
77,Brentford,ENG,2,1633.81201172,2020-07-12,2020-07-12
78,Brentford,ENG,2,1633.81201172,2020-07-13,2020-07-13
77,Brentford,ENG,2,1633.81201172,2020-07-14,2020-07-15
74,Brentford,ENG,2,1637.54162598,2020-07-16,2020-07-18
80,Brentford,ENG,2,1626.57312012,2020-07-19,2020-07-21
79,Brentford,ENG,2,1626.57312012,2020-07-22,2020-07-22
87,Brentford,ENG,2,1612.76757812,2020-07-23,2020-07-26
94,Brentford,ENG,2,1605.50805664,2020-07-27,2020-07-29
82,Brentford,ENG,2,1620.73547363,2020-07-30,2020-08-04
87,Brentford,ENG,2,1611.9967041,2020-08-05,2020-08-05
85,Brentford,ENG,2,1611.00683594,2020-08-06,2020-08-06
84,Brentford,ENG,2,1613.38439941,2020-08-07,2020-08-07
84,Brentford,ENG,2,1614.61938477,2020-08-08,2020-08-08
84,Brentford,ENG,2,1614.25549316,2020-08-09,2020-08-10
84,Brentford,ENG,2,1614.921875,2020-08-11,2020-08-11
85,Brentford,ENG,2,1612.60974121,2020-08-12,2020-08-12
87,Brentford,ENG,2,1612.60974121,2020-08-13,2020-08-13
86,Brentford,ENG,2,1612.60974121,2020-08-14,2020-08-14
87,Brentford,ENG,2,1612.60974121,2020-08-15,2020-08-15
95,Brentford,ENG,2,1605.89245605,2020-08-16,2020-08-16
100,Brentford,ENG,2,1602.96252441,2020-08-17,2020-08-17
99,Brentford,ENG,2,1602.96252441,2020-08-18,2020-08-18
98,Brentford,ENG,2,1602.96252441,2020-08-19,2020-08-19
99,Brentford,ENG,2,1602.96252441,2020-08-20,2020-08-22
100,Brentford,ENG,2,1602.96252441,2020-08-23,2020-08-23
98,Brentford,ENG,2,1602.96252441,2020-08-24,2020-08-26
97,Brentford,ENG,2,1602.96252441,2020-08-27,2020-08-27
98,Brentford,ENG,2,1602.96252441,2020-08-28,2020-08-29
97,Brentford,ENG,2,1602.96252441,2020-08-30,2020-08-30
98,Brentford,ENG,2,1602.96252441,2020-08-31,2020-09-12
None,Brentford,ENG,2,1591.13037109,2020-09-13,2020-09-17
None,Brentford,ENG,2,1591.50061035,2020-09-18,2020-09-19
None,Brentford,ENG,2,1597.72265625,2020-09-20,2020-09-24
None,Brentford,ENG,2,1598.05847168,2020-09-25,2020-09-26
None,Brentford,ENG,2,1596.49499512,2020-09-27,2020-09-27
100,Brentford,ENG,2,1596.49499512,2020-09-28,2020-09-30
None,Brentford,ENG,2,1596.49499512,2020-10-01,2020-10-01
None,Brentford,ENG,2,1597.30432129,2020-10-02,2020-10-04
None,Brentford,ENG,2,1580.2434082,2020-10-05,2020-10-17
None,Brentford,ENG,2,1583.99438477,2020-10-18,2020-10-20
None,Brentford,ENG,2,1587.68347168,2020-10-21,2020-10-21
None,Brentford,ENG,2,1595.76477051,2020-10-22,2020-10-22
None,Brentford,ENG,2,1599.9675293,2020-10-23,2020-10-24
None,Brentford,ENG,2,1590.35559082,2020-10-25,2020-10-27
None,Brentford,ENG,2,1590.69787598,2020-10-28,2020-10-28
None,Brentford,ENG,2,1597.99975586,2020-10-29,2020-10-29
None,Brentford,ENG,2,1595.13623047,2020-10-30,2020-10-31
96,Brentford,ENG,2,1603.92675781,2020-11-01,2020-11-03
96,Brentford,ENG,2,1606.70178223,2020-11-04,2020-11-04
99,Brentford,ENG,2,1603.57385254,2020-11-05,2020-11-05
96,Brentford,ENG,2,1607.42712402,2020-11-06,2020-11-06
97,Brentford,ENG,2,1607.42712402,2020-11-07,2020-11-07
100,Brentford,ENG,2,1604.2911377,2020-11-08,2020-11-08
None,Brentford,ENG,2,1604.2911377,2020-11-09,2020-11-21
None,Brentford,ENG,2,1598.72033691,2020-11-22,2020-11-24
96,Brentford,ENG,2,1606.57348633,2020-11-25,2020-11-25
None,Brentford,ENG,2,1601.37133789,2020-11-26,2020-11-26
98,Brentford,ENG,2,1602.82080078,2020-11-27,2020-11-27
95,Brentford,ENG,2,1606.97192383,2020-11-28,2020-12-01
93,Brentford,ENG,2,1611.82836914,2020-12-02,2020-12-02
93,Brentford,ENG,2,1613.32739258,2020-12-03,2020-12-03
93,Brentford,ENG,2,1608.83666992,2020-12-04,2020-12-05
94,Brentford,ENG,2,1605.90136719,2020-12-06,2020-12-08
98,Brentford,ENG,2,1601.33935547,2020-12-09,2020-12-09
None,Brentford,ENG,2,1595.23779297,2020-12-10,2020-12-10
100,Brentford,ENG,2,1597.05249023,2020-12-11,2020-12-12
95,Brentford,ENG,2,1604.27160645,2020-12-13,2020-12-14
94,Brentford,ENG,2,1604.27160645,2020-12-15,2020-12-15
93,Brentford,ENG,2,1606.15332031,2020-12-16,2020-12-19
90,Brentford,ENG,2,1612.73327637,2020-12-20,2020-12-20
91,Brentford,ENG,2,1612.73327637,2020-12-21,2020-12-26
89,Brentford,ENG,2,1620.23168945,2020-12-27,2020-12-29
88,Brentford,ENG,2,1620.23168945,2020-12-30,2020-12-30
84,Brentford,ENG,2,1627.89978027,2020-12-31,2021-01-02
82,Brentford,ENG,2,1627.89978027,2021-01-03,2021-01-13
83,Brentford,ENG,2,1627.89978027,2021-01-14,2021-01-16
81,Brentford,ENG,2,1627.89978027,2021-01-17,2021-01-17
82,Brentford,ENG,2,1627.89978027,2021-01-18,2021-01-20
80,Brentford,ENG,2,1631.35266113,2021-01-21,2021-01-22
81,Brentford,ENG,2,1631.35266113,2021-01-23,2021-01-23
83,Brentford,ENG,2,1631.35266113,2021-01-24,2021-01-24
82,Brentford,ENG,2,1631.35266113,2021-01-25,2021-01-26
81,Brentford,ENG,2,1631.35266113,2021-01-27,2021-01-27
82,Brentford,ENG,2,1631.02331543,2021-01-28,2021-01-29
81,Brentford,ENG,2,1631.02331543,2021-01-30,2021-01-30
76,Brentford,ENG,2,1635.47216797,2021-01-31,2021-01-31
75,Brentford,ENG,2,1635.47216797,2021-02-01,2021-02-02
76,Brentford,ENG,2,1635.47216797,2021-02-03,2021-02-03
74,Brentford,ENG,2,1639.24450684,2021-02-04,2021-02-06
73,Brentford,ENG,2,1648.04003906,2021-02-07,2021-02-07
74,Brentford,ENG,2,1648.04003906,2021-02-08,2021-02-10
71,Brentford,ENG,2,1656.0637207,2021-02-11,2021-02-13
69,Brentford,ENG,2,1656.0637207,2021-02-14,2021-02-14
77,Brentford,ENG,2,1637.47631836,2021-02-15,2021-02-16
74,Brentford,ENG,2,1641.12866211,2021-02-17,2021-02-17
82,Brentford,ENG,2,1629.5723877,2021-02-18,2021-02-18
79,Brentford,ENG,2,1633.8671875,2021-02-19,2021-02-20
91,Brentford,ENG,2,1615.35217285,2021-02-21,2021-02-23
90,Brentford,ENG,2,1618.07495117,2021-02-24,2021-02-24
85,Brentford,ENG,2,1625.57421875,2021-02-25,2021-02-25
86,Brentford,ENG,2,1620.07849121,2021-02-26,2021-02-27
82,Brentford,ENG,2,1624.82531738,2021-02-28,2021-03-03
87,Brentford,ENG,2,1617.48742676,2021-03-04,2021-03-06
88,Brentford,ENG,2,1617.48742676,2021-03-07,2021-03-07
87,Brentford,ENG,2,1617.48742676,2021-03-08,2021-03-09
86,Brentford,ENG,2,1617.48742676,2021-03-10,2021-03-10
86,Brentford,ENG,2,1619.87536621,2021-03-11,2021-03-11
86,Brentford,ENG,2,1623.26574707,2021-03-12,2021-03-12
81,Brentford,ENG,2,1628.89538574,2021-03-13,2021-03-13
82,Brentford,ENG,2,1628.89538574,2021-03-14,2021-03-14
83,Brentford,ENG,2,1628.89538574,2021-03-15,2021-03-16
85,Brentford,ENG,2,1625.6027832,2021-03-17,2021-03-17
82,Brentford,ENG,2,1629.57678223,2021-03-18,2021-03-18
85,Brentford,ENG,2,1623.85400391,2021-03-19,2021-03-20
85,Brentford,ENG,2,1619.39794922,2021-03-21,2021-03-21
84,Brentford,ENG,2,1619.39794922,2021-03-22,2021-04-03
90,Brentford,ENG,2,1615.74035645,2021-04-04,2021-04-04
89,Brentford,ENG,2,1615.74035645,2021-04-05,2021-04-06
96,Brentford,ENG,2,1606.87207031,2021-04-07,2021-04-07
93,Brentford,ENG,2,1610.12768555,2021-04-08,2021-04-08
93,Brentford,ENG,2,1610.42810059,2021-04-09,2021-04-09
94,Brentford,ENG,2,1610.42810059,2021-04-10,2021-04-10
83,Brentford,ENG,2,1622.14770508,2021-04-11,2021-04-11
84,Brentford,ENG,2,1622.14770508,2021-04-12,2021-04-12
85,Brentford,ENG,2,1622.14770508,2021-04-13,2021-04-13
86,Brentford,ENG,2,1621.23278809,2021-04-14,2021-04-14
86,Brentford,ENG,2,1621.07922363,2021-04-15,2021-04-15
85,Brentford,ENG,2,1626.64526367,2021-04-16,2021-04-17
87,Brentford,ENG,2,1623.01477051,2021-04-18,2021-04-18
86,Brentford,ENG,2,1623.01477051,2021-04-19,2021-04-20
88,Brentford,ENG,2,1620.24914551,2021-04-21,2021-04-21
87,Brentford,ENG,2,1620.24914551,2021-04-22,2021-04-24
81,Brentford,ENG,2,1629.68725586,2021-04-25,2021-04-27
80,Brentford,ENG,2,1633.14147949,2021-04-28,2021-04-28
81,Brentford,ENG,2,1634.48205566,2021-04-29,2021-04-29
80,Brentford,ENG,2,1634.76013184,2021-04-30,2021-05-01
75,Brentford,ENG,2,1646.92578125,2021-05-02,2021-05-04
75,Brentford,ENG,2,1648.09643555,2021-05-05,2021-05-05
72,Brentford,ENG,2,1652.86804199,2021-05-06,2021-05-06
74,Brentford,ENG,2,1650.33361816,2021-05-07,2021-05-07
73,Brentford,ENG,2,1650.33361816,2021-05-08,2021-05-08
71,Brentford,ENG,2,1655.1217041,2021-05-09,2021-05-09
72,Brentford,ENG,2,1655.1217041,2021-05-10,2021-05-13
73,Brentford,ENG,2,1655.1217041,2021-05-14,2021-05-14
72,Brentford,ENG,2,1655.1217041,2021-05-15,2021-05-15
73,Brentford,ENG,2,1655.1217041,2021-05-16,2021-05-16
71,Brentford,ENG,2,1655.1217041,2021-05-17,2021-05-17
75,Brentford,ENG,2,1647.66064453,2021-05-18,2021-05-22
68,Brentford,ENG,2,1664.56518555,2021-05-23,2021-05-26
69,Brentford,ENG,2,1663.62780762,2021-05-27,2021-05-29
65,Brentford,ENG,2,1671.97888184,2021-05-30,2021-07-01
65,Brentford,ENG,1,1671.97888184,2021-07-02,2021-07-16
64,Brentford,ENG,1,1671.97888184,2021-07-17,2021-07-24
65,Brentford,ENG,1,1671.97888184,2021-07-25,2021-07-28
67,Brentford,ENG,1,1671.97888184,2021-07-29,2021-08-10
65,Brentford,ENG,1,1671.97888184,2021-08-11,2021-08-13
54,Brentford,ENG,1,1689.42480469,2021-08-14,2021-08-14
53,Brentford,ENG,1,1689.42480469,2021-08-15,2021-08-17
54,Brentford,ENG,1,1689.42480469,2021-08-18,2021-08-19
56,Brentford,ENG,1,1688.47338867,2021-08-20,2021-08-21
55,Brentford,ENG,1,1689.01513672,2021-08-22,2021-08-26
55,Brentford,ENG,1,1690.28027344,2021-08-27,2021-08-28
56,Brentford,ENG,1,1692.49621582,2021-08-29,2021-09-11
59,Brentford,ENG,1,1684.66491699,2021-09-12,2021-09-12
57,Brentford,ENG,1,1684.66491699,2021-09-13,2021-09-14
59,Brentford,ENG,1,1681.33837891,2021-09-15,2021-09-15
58,Brentford,ENG,1,1683.63049316,2021-09-16,2021-09-16
57,Brentford,ENG,1,1684.2208252,2021-09-17,2021-09-17
56,Brentford,ENG,1,1684.2208252,2021-09-18,2021-09-18
50,Brentford,ENG,1,1698.66809082,2021-09-19,2021-09-19
49,Brentford,ENG,1,1698.66809082,2021-09-20,2021-09-21
50,Brentford,ENG,1,1698.66809082,2021-09-22,2021-09-25
48,Brentford,ENG,1,1704.67382812,2021-09-26,2021-09-26
47,Brentford,ENG,1,1704.67382812,2021-09-27,2021-09-27
48,Brentford,ENG,1,1704.67382812,2021-09-28,2021-09-28
46,Brentford,ENG,1,1704.49206543,2021-09-29,2021-09-29
47,Brentford,ENG,1,1702.80737305,2021-09-30,2021-09-30
53,Brentford,ENG,1,1699.59509277,2021-10-01,2021-10-02
52,Brentford,ENG,1,1699.59509277,2021-10-03,2021-10-03
44,Brentford,ENG,1,1711.51940918,2021-10-04,2021-10-16
47,Brentford,ENG,1,1707.86621094,2021-10-17,2021-10-18
48,Brentford,ENG,1,1707.86621094,2021-10-19,2021-10-19
47,Brentford,ENG,1,1711.6295166,2021-10-20,2021-10-20
45,Brentford,ENG,1,1714.64416504,2021-10-21,2021-10-21
46,Brentford,ENG,1,1711.2878418,2021-10-22,2021-10-24
46,Brentford,ENG,1,1704.28808594,2021-10-25,2021-10-30
54,Brentford,ENG,1,1693.23815918,2021-10-31,2021-11-02
55,Brentford,ENG,1,1693.55236816,2021-11-03,2021-11-03
53,Brentford,ENG,1,1695.80822754,2021-11-04,2021-11-04
53,Brentford,ENG,1,1692.19360352,2021-11-05,2021-11-06
60,Brentford,ENG,1,1681.40844727,2021-11-07,2021-11-07
59,Brentford,ENG,1,1681.40844727,2021-11-08,2021-11-20
59,Brentford,ENG,1,1682.36083984,2021-11-21,2021-11-23
58,Brentford,ENG,1,1687.99951172,2021-11-24,2021-11-24
56,Brentford,ENG,1,1690.54772949,2021-11-25,2021-11-25
58,Brentford,ENG,1,1686.90771484,2021-11-26,2021-11-28
54,Brentford,ENG,1,1695.79956055,2021-11-29,2021-12-02
57,Brentford,ENG,1,1688.69567871,2021-12-03,2021-12-04
58,Brentford,ENG,1,1688.69567871,2021-12-05,2021-12-05
56,Brentford,ENG,1,1691.71313477,2021-12-06,2021-12-07
56,Brentford,ENG,1,1689.37255859,2021-12-08,2021-12-08
56,Brentford,ENG,1,1685.4777832,2021-12-09,2021-12-09
57,Brentford,ENG,1,1679.32214355,2021-12-10,2021-12-10
55,Brentford,ENG,1,1686.11853027,2021-12-11,2021-12-11
54,Brentford,ENG,1,1686.11853027,2021-12-12,2021-12-15
53,Brentford,ENG,1,1686.11853027,2021-12-16,2021-12-17
54,Brentford,ENG,1,1686.11853027,2021-12-18,2021-12-19
55,Brentford,ENG,1,1686.11853027,2021-12-20,2021-12-22
54,Brentford,ENG,1,1686.11853027,2021-12-23,2021-12-26
58,Brentford,ENG,1,1677.12768555,2021-12-27,2021-12-29
60,Brentford,ENG,1,1675.09509277,2021-12-30,2022-01-02
55,Brentford,ENG,1,1683.77575684,2022-01-03,2022-01-05
54,Brentford,ENG,1,1683.77575684,2022-01-06,2022-01-07
55,Brentford,ENG,1,1683.77575684,2022-01-08,2022-01-11
61,Brentford,ENG,1,1672.51318359,2022-01-12,2022-01-15
62,Brentford,ENG,1,1672.51318359,2022-01-16,2022-01-16
64,Brentford,ENG,1,1669.94616699,2022-01-17,2022-01-19
68,Brentford,ENG,1,1663.94238281,2022-01-20,2022-01-22
70,Brentford,ENG,1,1657.44250488,2022-01-23,2022-01-26
71,Brentford,ENG,1,1657.44250488,2022-01-27,2022-01-29
70,Brentford,ENG,1,1657.44250488,2022-01-30,2022-02-05
68,Brentford,ENG,1,1657.44250488,2022-02-06,2022-02-06
70,Brentford,ENG,1,1657.44250488,2022-02-07,2022-02-09
70,Brentford,ENG,1,1655.86914062,2022-02-10,2022-02-12
70,Brentford,ENG,1,1656.25585938,2022-02-13,2022-02-13
71,Brentford,ENG,1,1656.25585938,2022-02-14,2022-02-15
71,Brentford,ENG,1,1657.22229004,2022-02-16,2022-02-16
71,Brentford,ENG,1,1659.25793457,2022-02-17,2022-02-17
72,Brentford,ENG,1,1659.68969727,2022-02-18,2022-02-19
72,Brentford,ENG,1,1657.01037598,2022-02-20,2022-02-20
71,Brentford,ENG,1,1657.01037598,2022-02-21,2022-02-22
71,Brentford,ENG,1,1658.04187012,2022-02-23,2022-02-23
71,Brentford,ENG,1,1658.53491211,2022-02-24,2022-02-24
72,Brentford,ENG,1,1658.87939453,2022-02-25,2022-02-26
75,Brentford,ENG,1,1647.59118652,2022-02-27,2022-02-27
74,Brentford,ENG,1,1647.59118652,2022-02-28,2022-03-05
70,Brentford,ENG,1,1659.58862305,2022-03-06,2022-03-06
69,Brentford,ENG,1,1659.58862305,2022-03-07,2022-03-08
69,Brentford,ENG,1,1658.96936035,2022-03-09,2022-03-09
69,Brentford,ENG,1,1659.25402832,2022-03-10,2022-03-10
69,Brentford,ENG,1,1660.15246582,2022-03-11,2022-03-12
64,Brentford,ENG,1,1671.76733398,2022-03-13,2022-03-13
63,Brentford,ENG,1,1671.76733398,2022-03-14,2022-03-15
66,Brentford,ENG,1,1667.70324707,2022-03-16,2022-03-16
64,Brentford,ENG,1,1668.50939941,2022-03-17,2022-03-17
60,Brentford,ENG,1,1673.44055176,2022-03-18,2022-03-18
61,Brentford,ENG,1,1673.44055176,2022-03-19,2022-03-19
62,Brentford,ENG,1,1673.44055176,2022-03-20,2022-03-20
64,Brentford,ENG,1,1669.12451172,2022-03-21,2022-04-01
65,Brentford,ENG,1,1669.12451172,2022-04-02,2022-04-02
53,Brentford,ENG,1,1696.11413574,2022-04-03,2022-04-05
53,Brentford,ENG,1,1697.24353027,2022-04-06,2022-04-06
53,Brentford,ENG,1,1693.90429688,2022-04-07,2022-04-07
53,Brentford,ENG,1,1692.33508301,2022-04-08,2022-04-10
51,Brentford,ENG,1,1706.9095459,2022-04-11,2022-04-12
51,Brentford,ENG,1,1707.42541504,2022-04-13,2022-04-13
51,Brentford,ENG,1,1708.43505859,2022-04-14,2022-04-14
48,Brentford,ENG,1,1716.36096191,2022-04-15,2022-04-15
49,Brentford,ENG,1,1716.36096191,2022-04-16,2022-04-16
46,Brentford,ENG,1,1723.24963379,2022-04-17,2022-04-17
45,Brentford,ENG,1,1723.24963379,2022-04-18,2022-04-20
44,Brentford,ENG,1,1723.24963379,2022-04-21,2022-04-23
45,Brentford,ENG,1,1725.55322266,2022-04-24,2022-04-24
44,Brentford,ENG,1,1725.55322266,2022-04-25,2022-04-26
44,Brentford,ENG,1,1726.4095459,2022-04-27,2022-04-27
44,Brentford,ENG,1,1727.16479492,2022-04-28,2022-04-28
44,Brentford,ENG,1,1723.80944824,2022-04-29,2022-04-30
45,Brentford,ENG,1,1723.80944824,2022-05-01,2022-05-01
44,Brentford,ENG,1,1723.80944824,2022-05-02,2022-05-02
47,Brentford,ENG,1,1716.55871582,2022-05-03,2022-05-03
47,Brentford,ENG,1,1717.16247559,2022-05-04,2022-05-04
48,Brentford,ENG,1,1712.37561035,2022-05-05,2022-05-05
52,Brentford,ENG,1,1706.59399414,2022-05-06,2022-05-07
47,Brentford,ENG,1,1718.07531738,2022-05-08,2022-05-11
46,Brentford,ENG,1,1718.07531738,2022-05-12,2022-05-14
47,Brentford,ENG,1,1718.07531738,2022-05-15,2022-05-15
44,Brentford,ENG,1,1727.17126465,2022-05-16,2022-05-22
48,Brentford,ENG,1,1717.36743164,2022-05-23,2022-05-28
49,Brentford,ENG,1,1714.30810547,2022-05-29,2022-07-21
48,Brentford,ENG,1,1714.30810547,2022-07-22,2022-08-06
49,Brentford,ENG,1,1714.30810547,2022-08-07,2022-08-07
48,Brentford,ENG,1,1717.46911621,2022-08-08,2022-08-13
39,Brentford,ENG,1,1735.38146973,2022-08-14,2022-08-15
38,Brentford,ENG,1,1735.38146973,2022-08-16,2022-08-16
39,Brentford,ENG,1,1735.38146973,2022-08-17,2022-08-18
38,Brentford,ENG,1,1735.64953613,2022-08-19,2022-08-19
39,Brentford,ENG,1,1735.64953613,2022-08-20,2022-08-20
40,Brentford,ENG,1,1726.7355957,2022-08-21,2022-08-21
41,Brentford,ENG,1,1726.7355957,2022-08-22,2022-08-25
42,Brentford,ENG,1,1727.20202637,2022-08-26,2022-08-26
43,Brentford,ENG,1,1727.20202637,2022-08-27,2022-08-27
47,Brentford,ENG,1,1724.47509766,2022-08-28,2022-08-30
46,Brentford,ENG,1,1726.93969727,2022-08-31,2022-08-31
45,Brentford,ENG,1,1726.93969727,2022-09-01,2022-09-03
43,Brentford,ENG,1,1738.10266113,2022-09-04,2022-09-04
42,Brentford,ENG,1,1738.10266113,2022-09-05,2022-09-06
41,Brentford,ENG,1,1736.95275879,2022-09-07,2022-09-07
40,Brentford,ENG,1,1732.32702637,2022-09-08,2022-09-08
40,Brentford,ENG,1,1730.09509277,2022-09-09,2022-09-10
39,Brentford,ENG,1,1730.09509277,2022-09-11,2022-09-11
40,Brentford,ENG,1,1730.09509277,2022-09-12,2022-09-13
42,Brentford,ENG,1,1727.3996582,2022-09-14,2022-09-14
42,Brentford,ENG,1,1726.68701172,2022-09-15,2022-09-15
39,Brentford,ENG,1,1728.76379395,2022-09-16,2022-09-17
40,Brentford,ENG,1,1728.76379395,2022-09-18,2022-09-18
43,Brentford,ENG,1,1718.62121582,2022-09-19,2022-10-01
43,Brentford,ENG,1,1717.82629395,2022-10-02,2022-10-02
44,Brentford,ENG,1,1717.82629395,2022-10-03,2022-10-04
44,Brentford,ENG,1,1718.0279541,2022-10-05,2022-10-05
43,Brentford,ENG,1,1721.58459473,2022-10-06,2022-10-06
43,Brentford,ENG,1,1724.35351562,2022-10-07,2022-10-08
46,Brentford,ENG,1,1713.21716309,2022-10-09,2022-10-09
47,Brentford,ENG,1,1713.21716309,2022-10-10,2022-10-11
47,Brentford,ENG,1,1714.41345215,2022-10-12,2022-10-12
47,Brentford,ENG,1,1717.5769043,2022-10-13,2022-10-13
45,Brentford,ENG,1,1719.29724121,2022-10-14,2022-10-14
38,Brentford,ENG,1,1731.22937012,2022-10-15,2022-10-15
39,Brentford,ENG,1,1731.22937012,2022-10-16,2022-10-19
39,Brentford,ENG,1,1734.62878418,2022-10-20,2022-10-20
40,Brentford,ENG,1,1735.50134277,2022-10-21,2022-10-22
39,Brentford,ENG,1,1735.50134277,2022-10-23,2022-10-23
41,Brentford,ENG,1,1721.02478027,2022-10-24,2022-10-25
41,Brentford,ENG,1,1721.30212402,2022-10-26,2022-10-26
41,Brentford,ENG,1,1722.72644043,2022-10-27,2022-10-27
44,Brentford,ENG,1,1718.9675293,2022-10-28,2022-10-29
44,Brentford,ENG,1,1716.26477051,2022-10-30,2022-11-01
42,Brentford,ENG,1,1719.98828125,2022-11-02,2022-11-02
42,Brentford,ENG,1,1721.2310791,2022-11-03,2022-11-03
39,Brentford,ENG,1,1724.58728027,2022-11-04,2022-11-05
40,Brentford,ENG,1,1723.15454102,2022-11-06,2022-11-06
44,Brentford,ENG,1,1723.15454102,2022-11-07,2022-11-09
43,Brentford,ENG,1,1723.15454102,2022-11-10,2022-11-11
44,Brentford,ENG,1,1723.15454102,2022-11-12,2022-11-12
36,Brentford,ENG,1,1738.86108398,2022-11-13,2022-11-13
37,Brentford,ENG,1,1738.86108398,2022-11-14,2022-12-26
36,Brentford,ENG,1,1741.48974609,2022-12-27,2022-12-30
29,Brentford,ENG,1,1754.91503906,2022-12-31,2022-12-31
30,Brentford,ENG,1,1754.91503906,2023-01-01,2023-01-01
31,Brentford,ENG,1,1754.91503906,2023-01-02,2023-01-02
24,Brentford,ENG,1,1773.82104492,2023-01-03,2023-01-07
26,Brentford,ENG,1,1773.82104492,2023-01-08,2023-01-13
25,Brentford,ENG,1,1773.82104492,2023-01-14,2023-01-14
24,Brentford,ENG,1,1779.64672852,2023-01-15,2023-01-22
24,Brentford,ENG,1,1778.54077148,2023-01-23,2023-02-04
24,Brentford,ENG,1,1785.5625,2023-02-05,2023-02-05
22,Brentford,ENG,1,1785.5625,2023-02-06,2023-02-11
21,Brentford,ENG,1,1790.53137207,2023-02-12,2023-02-14
22,Brentford,ENG,1,1789.18334961,2023-02-15,2023-02-15
23,Brentford,ENG,1,1787.89123535,2023-02-16,2023-02-16
21,Brentford,ENG,1,1788.51147461,2023-02-17,2023-02-18
23,Brentford,ENG,1,1785.83520508,2023-02-19,2023-02-21
24,Brentford,ENG,1,1781.35717773,2023-02-22,2023-02-22
24,Brentford,ENG,1,1781.42138672,2023-02-23,2023-02-23
24,Brentford,ENG,1,1784.35070801,2023-02-24,2023-02-25
23,Brentford,ENG,1,1784.35070801,2023-02-26,2023-03-05
24,Brentford,ENG,1,1784.35070801,2023-03-06,2023-03-06
21,Brentford,ENG,1,1789.78369141,2023-03-07,2023-03-07
21,Brentford,ENG,1,1794.22875977,2023-03-08,2023-03-08
21,Brentford,ENG,1,1791.80004883,2023-03-09,2023-03-09
22,Brentford,ENG,1,1794.85876465,2023-03-10,2023-03-11
23,Brentford,ENG,1,1785.0559082,2023-03-12,2023-03-12
22,Brentford,ENG,1,1785.0559082,2023-03-13,2023-03-14
22,Brentford,ENG,1,1787.93322754,2023-03-15,2023-03-15
22,Brentford,ENG,1,1795.19787598,2023-03-16,2023-03-16
22,Brentford,ENG,1,1794.66345215,2023-03-17,2023-03-18
23,Brentford,ENG,1,1791.74316406,2023-03-19,2023-03-19
22,Brentford,ENG,1,1791.74316406,2023-03-20,2023-04-01
22,Brentford,ENG,1,1794.2532959,2023-04-02,2023-04-04
23,Brentford,ENG,1,1794.2532959,2023-04-05,2023-04-05
23,Brentford,ENG,1,1789.49121094,2023-04-06,2023-04-08
24,Brentford,ENG,1,1782.16760254,2023-04-09,2023-04-11
24,Brentford,ENG,1,1784.94519043,2023-04-12,2023-04-12
24,Brentford,ENG,1,1783.0982666,2023-04-13,2023-04-13
24,Brentford,ENG,1,1782.32702637,2023-04-14,2023-04-14
25,Brentford,ENG,1,1782.32702637,2023-04-15,2023-04-15
28,Brentford,ENG,1,1770.23522949,2023-04-16,2023-04-18
28,Brentford,ENG,1,1768.29553223,2023-04-19,2023-04-19
28,Brentford,ENG,1,1769.02697754,2023-04-20,2023-04-20
27,Brentford,ENG,1,1763.5690918,2023-04-21,2023-04-22
27,Brentford,ENG,1,1763.57873535,2023-04-23,2023-04-23
29,Brentford,ENG,1,1763.57873535,2023-04-24,2023-04-24
30,Brentford,ENG,1,1763.57873535,2023-04-25,2023-04-26
26,Brentford,ENG,1,1778.25683594,2023-04-27,2023-04-29
25,Brentford,ENG,1,1782.06506348,2023-04-30,2023-05-06
25,Brentford,ENG,1,1778.76953125,2023-05-07,2023-05-09
25,Brentford,ENG,1,1778.89233398,2023-05-10,2023-05-11
25,Brentford,ENG,1,1779.58166504,2023-05-12,2023-05-14
24,Brentford,ENG,1,1788.72753906,2023-05-15,2023-05-17
24,Brentford,ENG,1,1791.39453125,2023-05-18,2023-05-18
24,Brentford,ENG,1,1793.40161133,2023-05-19,2023-05-20
21,Brentford,ENG,1,1807.13378906,2023-05-21,2023-05-22
20,Brentford,ENG,1,1807.13378906,2023-05-23,2023-05-28
19,Brentford,ENG,1,1820.79504395,2023-05-29,2023-06-03
18,Brentford,ENG,1,1820.79504395,2023-06-04,2023-06-07
18,Brentford,ENG,1,1823.19787598,2023-06-08,2023-06-10
18,Brentford,ENG,1,1824.3449707,2023-06-11,2023-08-12
17,Brentford,ENG,1,1824.3449707,2023-08-13,2023-08-13
17,Brentford,ENG,1,1822.56152344,2023-08-14,2023-08-19
14,Brentford,ENG,1,1835.44470215,2023-08-20,2023-08-21
15,Brentford,ENG,1,1835.44470215,2023-08-22,2023-08-23
15,Brentford,ENG,1,1835.59460449,2023-08-24,2023-08-26
15,Brentford,ENG,1,1832.01342773,2023-08-27,2023-08-27
16,Brentford,ENG,1,1832.01342773,2023-08-28,2023-08-31
16,Brentford,ENG,1,1832.10632324,2023-09-01,2023-09-01
15,Brentford,ENG,1,1832.10632324,2023-09-02,2023-09-02
18,Brentford,ENG,1,1826.35632324,2023-09-03,2023-09-16
19,Brentford,ENG,1,1820.55944824,2023-09-17,2023-09-19
19,Brentford,ENG,1,1821.14575195,2023-09-20,2023-09-20
19,Brentford,ENG,1,1821.69616699,2023-09-21,2023-09-21
21,Brentford,ENG,1,1813.14941406,2023-09-22,2023-09-23
22,Brentford,ENG,1,1795.02563477,2023-09-24,2023-09-24
21,Brentford,ENG,1,1795.02563477,2023-09-25,2023-09-29
22,Brentford,ENG,1,1795.02563477,2023-09-30,2023-09-30
24,Brentford,ENG,1,1795.02563477,2023-10-01,2023-10-01
24,Brentford,ENG,1,1792.97058105,2023-10-02,2023-10-03
25,Brentford,ENG,1,1785.32287598,2023-10-04,2023-10-04
25,Brentford,ENG,1,1790.14294434,2023-10-05,2023-10-05
24,Brentford,ENG,1,1792.96337891,2023-10-06,2023-10-07
25,Brentford,ENG,1,1786.79138184,2023-10-08,2023-10-21
24,Brentford,ENG,1,1794.36291504,2023-10-22,2023-10-24
24,Brentford,ENG,1,1796.74365234,2023-10-25,2023-10-25
24,Brentford,ENG,1,1793.82470703,2023-10-26,2023-10-26
23,Brentford,ENG,1,1795.19042969,2023-10-27,2023-10-28
23,Brentford,ENG,1,1808.18530273,2023-10-29,2023-11-03
22,Brentford,ENG,1,1808.18530273,2023-11-04,2023-11-04
22,Brentford,ENG,1,1814.11315918,2023-11-05,2023-11-07
22,Brentford,ENG,1,1811.26025391,2023-11-08,2023-11-08
22,Brentford,ENG,1,1808.92565918,2023-11-09,2023-11-09
22,Brentford,ENG,1,1808.6574707,2023-11-10,2023-11-12
23,Brentford,ENG,1,1801.98657227,2023-11-13,2023-11-25
24,Brentford,ENG,1,1796.07055664,2023-11-26,2023-11-28
23,Brentford,ENG,1,1797.39880371,2023-11-29,2023-11-29
24,Brentford,ENG,1,1798.84008789,2023-11-30,2023-11-30
23,Brentford,ENG,1,1801.10778809,2023-12-01,2023-12-02
22,Brentford,ENG,1,1805.02062988,2023-12-03,2023-12-03
23,Brentford,ENG,1,1805.02062988,2023-12-04,2023-12-06
24,Brentford,ENG,1,1798.86584473,2023-12-07,2023-12-09
26,Brentford,ENG,1,1786.72814941,2023-12-10,2023-12-10
24,Brentford,ENG,1,1786.72814941,2023-12-11,2023-12-12
24,Brentford,ENG,1,1784.44775391,2023-12-13,2023-12-13
24,Brentford,ENG,1,1781.40429688,2023-12-14,2023-12-14
24,Brentford,ENG,1,1778.4185791,2023-12-15,2023-12-17
28,Brentford,ENG,1,1771.08789062,2023-12-18,2023-12-18
29,Brentford,ENG,1,1771.08789062,2023-12-19,2023-12-24
28,Brentford,ENG,1,1771.08789062,2023-12-25,2023-12-27
35,Brentford,ENG,1,1751.79333496,2023-12-28,2023-12-30
35,Brentford,ENG,1,1740.8939209,2023-12-31,2023-12-31
35,Brentford,ENG,1,1740.8939209,2024-01-01,2024-01-20
35,Brentford,ENG,1,1745.8046875,2024-01-21,2024-01-28
34,Brentford,ENG,1,1745.8046875,2024-01-29,2024-01-31
36,Brentford,ENG,1,1741.56103516,2024-02-01,2024-02-01
35,Brentford,ENG,1,1741.56103516,2024-02-02,2024-02-02
34,Brentford,ENG,1,1741.56103516,2024-02-03,2024-02-04
35,Brentford,ENG,1,1741.56103516,2024-02-05,2024-02-05
35,Brentford,ENG,1,1737.79626465,2024-02-06,2024-02-10
34,Brentford,ENG,1,1751.63793945,2024-02-11,2024-02-13
34,Brentford,ENG,1,1751.81262207,2024-02-14,2024-02-17
36,Brentford,ENG,1,1744.08740234,2024-02-18,2024-02-20
37,Brentford,ENG,1,1742.53259277,2024-02-21,2024-02-21
37,Brentford,ENG,1,1741.24145508,2024-02-22,2024-02-24
36,Brentford,ENG,1,1741.24145508,2024-02-25,2024-02-26
39,Brentford,ENG,1,1732.08056641,2024-02-27,2024-03-02
41,Brentford,ENG,1,1732.19421387,2024-03-03,2024-03-06
41,Brentford,ENG,1,1732.35839844,2024-03-07,2024-03-07
42,Brentford,ENG,1,1727.57714844,2024-03-08,2024-03-09
42,Brentford,ENG,1,1725.20068359,2024-03-10,2024-03-12
42,Brentford,ENG,1,1724.19091797,2024-03-13,2024-03-14
42,Brentford,ENG,1,1731.63623047,2024-03-15,2024-03-16
42,Brentford,ENG,1,1722.23181152,2024-03-17,2024-03-17
43,Brentford,ENG,1,1722.23181152,2024-03-18,2024-03-30
45,Brentford,ENG,1,1723.56347656,2024-03-31,2024-03-31
44,Brentford,ENG,1,1723.56347656,2024-04-01,2024-04-03
44,Brentford,ENG,1,1723.62097168,2024-04-04,2024-04-06
41,Brentford,ENG,1,1728.00720215,2024-04-07,2024-04-07
42,Brentford,ENG,1,1728.00720215,2024-04-08,2024-04-09
42,Brentford,ENG,1,1727.46020508,2024-04-10,2024-04-11
43,Brentford,ENG,1,1719.80432129,2024-04-12,2024-04-12
42,Brentford,ENG,1,1719.80432129,2024-04-13,2024-04-13
39,Brentford,ENG,1,1724.7388916,2024-04-14,2024-04-14
40,Brentford,ENG,1,1724.7388916,2024-04-15,2024-04-16
42,Brentford,ENG,1,1724.7388916,2024-04-17,2024-04-17
43,Brentford,ENG,1,1720.45349121,2024-04-18,2024-04-18
43,Brentford,ENG,1,1718.27697754,2024-04-19,2024-04-20
41,Brentford,ENG,1,1730.83776855,2024-04-21,2024-04-24
42,Brentford,ENG,1,1730.83776855,2024-04-25,2024-04-27
42,Brentford,ENG,1,1723.67419434,2024-04-28,2024-04-28
43,Brentford,ENG,1,1723.67419434,2024-04-29,2024-05-02
44,Brentford,ENG,1,1718.42236328,2024-05-03,2024-05-04
47,Brentford,ENG,1,1716.75292969,2024-05-05,2024-05-05
46,Brentford,ENG,1,1716.75292969,2024-05-06,2024-05-08
47,Brentford,ENG,1,1716.75292969,2024-05-09,2024-05-09
47,Brentford,ENG,1,1712.43139648,2024-05-10,2024-05-11
45,Brentford,ENG,1,1721.74511719,2024-05-12,2024-05-12
46,Brentford,ENG,1,1721.74511719,2024-05-13,2024-05-15
45,Brentford,ENG,1,1721.74511719,2024-05-16,2024-05-19
49,Brentford,ENG,1,1711.08398438,2024-05-20,2024-08-07
50,Brentford,ENG,1,1711.08398438,2024-08-08,2024-08-08
49,Brentford,ENG,1,1711.08398438,2024-08-09,2024-08-13
48,Brentford,ENG,1,1711.08398438,2024-08-14,2024-08-15
49,Brentford,ENG,1,1711.08398438,2024-08-16,2024-08-18
45,Brentford,ENG,1,1718.84753418,2024-08-19,2024-08-22
45,Brentford,ENG,1,1719.11169434,2024-08-23,2024-08-25
46,Brentford,ENG,1,1715.22351074,2024-08-26,2024-08-27
47,Brentford,ENG,1,1715.22351074,2024-08-28,2024-08-29
46,Brentford,ENG,1,1715.27978516,2024-08-30,2024-08-31
45,Brentford,ENG,1,1720.58557129,2024-09-01,2024-09-14
45,Brentford,ENG,1,1719.38830566,2024-09-15,2024-09-17
45,Brentford,ENG,1,1725.55322266,2024-09-18,2024-09-18
45,Brentford,ENG,1,1723.9296875,2024-09-19,2024-09-19
44,Brentford,ENG,1,1723.85852051,2024-09-20,2024-09-21
50,Brentford,ENG,1,1716.73132324,2024-09-22,2024-09-23
49,Brentford,ENG,1,1716.73132324,2024-09-24,2024-09-25
49,Brentford,ENG,1,1714.70056152,2024-09-26,2024-09-26
49,Brentford,ENG,1,1715.79797363,2024-09-27,2024-09-28
49,Brentford,ENG,1,1714.49047852,2024-09-29,2024-10-01
48,Brentford,ENG,1,1716.8223877,2024-10-02,2024-10-02
47,Brentford,ENG,1,1720.91027832,2024-10-03,2024-10-03
48,Brentford,ENG,1,1723.70068359,2024-10-04,2024-10-05
45,Brentford,ENG,1,1730.89282227,2024-10-06,2024-10-06
46,Brentford,ENG,1,1730.89282227,2024-10-07,2024-10-19
47,Brentford,ENG,1,1725.60351562,2024-10-20,2024-10-22
47,Brentford,ENG,1,1727.82763672,2024-10-23,2024-10-23
45,Brentford,ENG,1,1730.92004395,2024-10-24,2024-10-24
44,Brentford,ENG,1,1733.08276367,2024-10-25,2024-10-26
42,Brentford,ENG,1,1736.27587891,2024-10-27,2024-10-27
43,Brentford,ENG,1,1736.27587891,2024-10-28,2024-10-31
42,Brentford,ENG,1,1736.27587891,2024-11-01,2024-11-04
44,Brentford,ENG,1,1730.12451172,2024-11-05,2024-11-05
44,Brentford,ENG,1,1727.15612793,2024-11-06,2024-11-06
46,Brentford,ENG,1,1722.55529785,2024-11-07,2024-11-07
46,Brentford,ENG,1,1721.03112793,2024-11-08,2024-11-09
42,Brentford,ENG,1,1727.6965332,2024-11-10,2024-11-10
43,Brentford,ENG,1,1727.6965332,2024-11-11,2024-11-23
42,Brentford,ENG,1,1728.56359863,2024-11-24,2024-11-25
43,Brentford,ENG,1,1728.56359863,2024-11-26,2024-11-26
43,Brentford,ENG,1,1731.72888184,2024-11-27,2024-11-27
41,Brentford,ENG,1,1733.84326172,2024-11-28,2024-11-28
41,Brentford,ENG,1,1735.00012207,2024-11-29,2024-11-30
39,Brentford,ENG,1,1742.68261719,2024-12-01,2024-12-04
43,Brentford,ENG,1,1735.21142578,2024-12-05,2024-12-07
40,Brentford,ENG,1,1747.02770996,2024-12-08,2024-12-10
37,Brentford,ENG,1,1750.96520996,2024-12-11,2024-12-11
42,Brentford,ENG,1,1748.05175781,2024-12-12,2024-12-12
41,Brentford,ENG,1,1749.32763672,2024-12-13,2024-12-15
43,Brentford,ENG,1,1746.15771484,2024-12-16,2024-12-19
41,Brentford,ENG,1,1746.26818848,2024-12-20,2024-12-21
45,Brentford,ENG,1,1732.36254883,2024-12-22,2024-12-22
46,Brentford,ENG,1,1732.36254883,2024-12-23,2024-12-27
46,Brentford,ENG,1,1734.68359375,2024-12-28,2024-12-29
45,Brentford,ENG,1,1734.68359375,2024-12-30,2024-12-31
45,Brentford,ENG,1,1734.68359375,2025-01-01,2025-01-01
46,Brentford,ENG,1,1729.57226562,2025-01-02,2025-01-04
42,Brentford,ENG,1,1741.68334961,2025-01-05,2025-01-13
43,Brentford,ENG,1,1741.68334961,2025-01-14,2025-01-14
41,Brentford,ENG,1,1745.59008789,2025-01-15,2025-01-18
44,Brentford,ENG,1,1740.65100098,2025-01-19,2025-01-19
43,Brentford,ENG,1,1740.65100098,2025-01-20,2025-01-21
44,Brentford,ENG,1,1739.12158203,2025-01-22,2025-01-22
45,Brentford,ENG,1,1736.51867676,2025-01-23,2025-01-23
43,Brentford,ENG,1,1739.21362305,2025-01-24,2025-01-25
44,Brentford,ENG,1,1739.21362305,2025-01-26,2025-01-26
38,Brentford,ENG,1,1749.74243164,2025-01-27,2025-01-29
37,Brentford,ENG,1,1749.87133789,2025-01-30,2025-01-30
37,Brentford,ENG,1,1752.40063477,2025-01-31,2025-02-01
36,Brentford,ENG,1,1752.40063477,2025-02-02,2025-02-02
38,Brentford,ENG,1,1740.34741211,2025-02-03,2025-02-11
41,Brentford,ENG,1,1738.05688477,2025-02-12,2025-02-15
38,Brentford,ENG,1,1746.8659668,2025-02-16,2025-02-18
40,Brentford,ENG,1,1746.8659668,2025-02-19,2025-02-19
41,Brentford,ENG,1,1744.21984863,2025-02-20,2025-02-20
40,Brentford,ENG,1,1744.21984863,2025-02-21,2025-02-21
37,Brentford,ENG,1,1755.56420898,2025-02-22,2025-02-22
35,Brentford,ENG,1,1755.56420898,2025-02-23,2025-02-23
34,Brentford,ENG,1,1755.56420898,2025-02-24,2025-02-26
35,Brentford,ENG,1,1753.66699219,2025-02-27,2025-03-01
34,Brentford,ENG,1,1753.66699219,2025-03-02,2025-03-04
34,Brentford,ENG,1,1758.6574707,2025-03-05,2025-03-05
34,Brentford,ENG,1,1760.4876709,2025-03-06,2025-03-06
35,Brentford,ENG,1,1760.64038086,2025-03-07,2025-03-08
35,Brentford,ENG,1,1752.33837891,2025-03-09,2025-03-09
36,Brentford,ENG,1,1752.33837891,2025-03-10,2025-03-11
37,Brentford,ENG,1,1749.49450684,2025-03-12,2025-03-12
35,Brentford,ENG,1,1751.98413086,2025-03-13,2025-03-13
35,Brentford,ENG,1,1758.22387695,2025-03-14,2025-03-15
34,Brentford,ENG,1,1768.86474609,2025-03-16,2025-03-30
35,Brentford,ENG,1,1768.86474609,2025-03-31,2025-04-02
36,Brentford,ENG,1,1763.90771484,2025-04-03,2025-04-06
36,Brentford,ENG,1,1764.94812012,2025-04-07,2025-04-08
35,Brentford,ENG,1,1767.85900879,2025-04-09,2025-04-09
35,Brentford,ENG,1,1766.48522949,2025-04-10,2025-04-10
35,Brentford,ENG,1,1766.48364258,2025-04-11,2025-04-12
35,Brentford,ENG,1,1773.41333008,2025-04-13,2025-04-13
34,Brentford,ENG,1,1773.41333008,2025-04-14,2025-04-15
34,Brentford,ENG,1,1773.18017578,2025-04-16,2025-04-16
32,Brentford,ENG,1,1774.97692871,2025-04-17,2025-04-17
30,Brentford,ENG,1,1780.23132324,2025-04-18,2025-04-19
26,Brentford,ENG,1,1789.54052734,2025-04-20,2025-04-20
25,Brentford,ENG,1,1789.54052734,2025-04-21,2025-04-21
24,Brentford,ENG,1,1789.54052734,2025-04-22,2025-04-26
26,Brentford,ENG,1,1789.54052734,2025-04-27,2025-04-29
26,Brentford,ENG,1,1786.6895752,2025-04-30,2025-05-01
18,Brentford,ENG,1,1807.24951172,2025-05-02,2025-05-03
19,Brentford,ENG,1,1807.24951172,2025-05-04,2025-05-04
16,Brentford,ENG,1,1813.7902832,2025-05-05,2025-05-06
17,Brentford,ENG,1,1813.7902832,2025-05-07,2025-05-07
17,Brentford,ENG,1,1811.26843262,2025-05-08,2025-05-08
16,Brentford,ENG,1,1815.93798828,2025-05-09,2025-05-10
16,Brentford,ENG,1,1820.25439453,2025-05-11,2025-05-11
17,Brentford,ENG,1,1820.25439453,2025-05-12,2025-05-18
19,Brentford,ENG,1,1809.60241699,2025-05-19,2025-05-19
20,Brentford,ENG,1,1809.60241699,2025-05-20,2025-05-25
21,Brentford,ENG,1,1808.93103027,2025-05-26,2025-05-28
21,Brentford,ENG,1,1811.29882812,2025-05-29,2025-05-31
20,Brentford,ENG,1,1811.29882812,2025-06-01,2025-08-12
21,Brentford,ENG,1,1811.29882812,2025-08-13,2025-08-17
26,Brentford,ENG,1,1801.47546387,2025-08-18,2025-08-21
26,Brentford,ENG,1,1801.46484375,2025-08-22,2025-08-23
22,Brentford,ENG,1,1810.04589844,2025-08-24,2025-08-24
23,Brentford,ENG,1,1810.04589844,2025-08-25,2025-08-28
23,Brentford,ENG,1,1810.23303223,2025-08-29,2025-08-30
26,Brentford,ENG,1,1797.15966797,2025-08-31,2025-09-13
26,Brentford,ENG,1,1799.19213867,2025-09-14,2025-09-16
24,Brentford,ENG,1,1803.06750488,2025-09-17,2025-09-17
24,Brentford,ENG,1,1801.4699707,2025-09-18,2025-09-18
24,Brentford,ENG,1,1800.67358398,2025-09-19,2025-09-20
30,Brentford,ENG,1,1790.43188477,2025-09-21,2025-09-24
29,Brentford,ENG,1,1790.7487793,2025-09-25,2025-09-25
29,Brentford,ENG,1,1791.93945312,2025-09-26,2025-09-27
24,Brentford,ENG,1,1802.19824219,2025-09-28,2025-09-29
23,Brentford,ENG,1,1802.19824219,2025-09-30,2025-09-30
25,Brentford,ENG,1,1798.66589355,2025-10-01,2025-10-01
24,Brentford,ENG,1,1803.22998047,2025-10-02,2025-10-02
23,Brentford,ENG,1,1802.83459473,2025-10-03,2025-10-05
27,Brentford,ENG,1,1797.77429199,2025-10-06,2025-10-20
24,Brentford,ENG,1,1807.91772461,2025-10-21,2025-10-21
23,Brentford,ENG,1,1814.04431152,2025-10-22,2025-10-22
21,Brentford,ENG,1,1817.6595459,2025-10-23,2025-10-23
22,Brentford,ENG,1,1810.48779297,2025-10-24,2025-10-25
20,Brentford,ENG,1,1821.59973145,2025-10-26,2025-10-26
21,Brentford,ENG,1,1821.59973145,2025-10-27,2025-11-01
21,Brentford,ENG,1,1812.64611816,2025-11-02,2025-11-04
21,Brentford,ENG,1,1816.78759766,2025-11-05,2025-11-05
21,Brentford,ENG,1,1817.81652832,2025-11-06,2025-11-06
21,Brentford,ENG,1,1817.65319824,2025-11-07,2025-11-09
20,Brentford,ENG,1,1829.36035156,2025-11-10,2025-11-22
20,Brentford,ENG,1,1823.19995117,2025-11-23,2025-11-25
21,Brentford,ENG,1,1818.4041748,2025-11-26,2025-11-26
24,Brentford,ENG,1,1812.4934082,2025-11-27,2025-11-27
24,Brentford,ENG,1,1810.5123291,2025-11-28,2025-11-29
20,Brentford,ENG,1,1816.66113281,2025-11-30,2025-12-03
22,Brentford,ENG,1,1813.19750977,2025-12-04,2025-12-06
25,Brentford,ENG,1,1803.27856445,2025-12-07,2025-12-07
24,Brentford,ENG,1,1803.27856445,2025-12-08,2025-12-09
23,Brentford,ENG,1,1805.55163574,2025-12-10,2025-12-10
23,Brentford,ENG,1,1810.20288086,2025-12-11,2025-12-11
23,Brentford,ENG,1,1812.33117676,2025-12-12,2025-12-13
22,Brentford,ENG,1,1812.33117676,2025-12-14,2025-12-14
23,Brentford,ENG,1,1808.59680176,2025-12-15,2025-12-15
25,Brentford,ENG,1,1808.59680176,2025-12-16,2025-12-18
25,Brentford,ENG,1,1805.83752441,2025-12-19,2025-12-20
21,Brentford,ENG,1,1813.51647949,2025-12-21,2025-12-27
18,Brentford,ENG,1,1824.11401367,2025-12-28,2025-12-31
18,Brentford,ENG,1,1824.11401367,2026-01-01,2026-01-01
18,Brentford,ENG,1,1822.18688965,2026-01-02,2026-01-04
15,Brentford,ENG,1,1835.69641113,2026-01-05,2026-01-07
15,Brentford,ENG,1,1841.53430176,2026-01-08,2026-01-10
14,Brentford,ENG,1,1841.53430176,2026-01-11,2026-01-17
14,Brentford,ENG,1,1841.53430176,2026-01-18,2026-01-25
14,Brentford,ENG,1,1841.53430176,2026-01-26,2026-02-08
14,Brentford,ENG,1,1841.53430176,2026-02-09,2026-12-31
